,voltage,current,duty
0,26997.0,635.0,624
1,24641.0,831.0,655
2,24487.0,827.0,665
3,25197.0,815.0,648
4,25544.0,808.0,652
5,24491.0,833.0,655
6,25549.0,801.0,659
7,24565.0,830.0,652
8,25519.0,813.0,620
9,24875.0,1015.0,637
10,27000.0,953.0,625
11,25974.0,993.0,629
12,25821.0,1002.0,633
13,26058.0,999.0,646
14,26908.0,952.0,627
15,26525.0,976.0,610
16,26145.0,989.0,625
17,26025.0,999.0,629
18,26780.0,962.0,608
19,25971.0,993.0,630
20,25896.0,998.0,620
21,25707.0,1005.0,624
22,27037.0,953.0,584
23,26275.0,991.0,602
24,26683.0,980.0,632
25,27090.0,958.0,606
26,25818.0,994.0,622
27,26516.0,981.0,630
28,26475.0,982.0,617
29,26473.0,980.0,619
30,26018.0,997.0,628
31,25938.0,1000.0,630
32,25938.0,1007.0,630
33,27224.0,951.0,605
34,25788.0,1001.0,623
35,25857.0,1000.0,630
36,27627.0,904.0,611
37,26901.0,967.0,606
38,25825.0,999.0,613
39,26771.0,967.0,630
40,26645.0,985.0,602
41,25690.0,1005.0,628
42,25465.0,1005.0,653
43,26091.0,994.0,627
44,25691.0,1011.0,616
45,25175.0,862.0,629
46,25131.0,858.0,630
47,25958.0,832.0,649
48,25883.0,843.0,611
49,24990.0,868.0,636
50,25065.0,860.0,654
51,24538.0,874.0,686
52,24883.0,871.0,644
53,25265.0,863.0,651
54,26117.0,822.0,605
55,24867.0,869.0,657
56,25125.0,854.0,650
57,24993.0,859.0,674
58,23970.0,882.0,662
59,25797.0,841.0,634
60,25412.0,849.0,643
61,24287.0,872.0,665
62,25976.0,835.0,623
63,24917.0,864.0,649
64,24797.0,860.0,664
65,24015.0,879.0,676
66,25713.0,846.0,629
67,25962.0,831.0,631
68,25679.0,845.0,634
69,26192.0,818.0,641
70,24836.0,860.0,669
71,25357.0,849.0,642
72,25522.0,853.0,654
73,24549.0,873.0,660
74,25285.0,847.0,646
75,25365.0,853.0,650
76,25400.0,850.0,643
77,25944.0,835.0,629
78,24613.0,869.0,664
79,29973.0,1646.0,567
80,28570.0,1715.0,562
81,30007.0,1640.0,526
82,29220.0,1694.0,546
83,29015.0,1708.0,569
84,30284.0,1625.0,561
85,28776.0,1707.0,560
86,29070.0,1700.0,564
87,29175.0,1698.0,562
88,29112.0,1698.0,562
89,29313.0,1677.0,559
90,29667.0,1800.0,573
91,30141.0,1781.0,535
92,28638.0,1835.0,559
93,30261.0,1766.0,550
94,28643.0,1836.0,564
95,30205.0,1778.0,523
96,29143.0,1822.0,543
97,30137.0,1769.0,564
98,30319.0,1763.0,561
99,29457.0,1810.0,546
100,29759.0,1820.0,551
101,29939.0,1820.0,548
102,31058.0,1729.0,548
103,30878.0,1742.0,542
104,29717.0,1829.0,555
105,30090.0,1814.0,525
106,29406.0,1848.0,538
107,29418.0,1841.0,538
108,29725.0,1826.0,543
109,29646.0,1836.0,555
110,29152.0,1857.0,543
111,30371.0,1791.0,560
112,30429.0,1780.0,559
113,28949.0,1862.0,565
114,30773.0,1756.0,539
115,29408.0,1840.0,538
116,30545.0,1773.0,557
117,30373.0,1795.0,520
118,29570.0,1841.0,535
119,29449.0,1838.0,570
120,30420.0,1778.0,559
121,30434.0,1791.0,559
122,28945.0,1862.0,549
123,29106.0,1853.0,556
124,30153.0,1802.0,554
125,30363.0,1791.0,560
126,28905.0,1864.0,549
127,28346.0,1875.0,579
128,30941.0,1740.0,530
129,29560.0,1830.0,555
130,30781.0,1754.0,548
131,28592.0,1858.0,559
132,29395.0,1837.0,558
133,29368.0,1846.0,558
134,30043.0,1806.0,542
135,29411.0,1833.0,562
136,30105.0,1806.0,535
137,30661.0,1772.0,555
138,30647.0,1764.0,552
139,30375.0,1782.0,550
140,28649.0,1863.0,566
141,31107.0,1720.0,542
142,30816.0,1739.0,541
143,29571.0,1831.0,555
144,31724.0,1538.0,536
145,30939.0,1746.0,534
146,29295.0,1837.0,552
147,29992.0,1809.0,562
148,30040.0,1811.0,566
149,30528.0,1776.0,534
150,29104.0,1846.0,544
151,29506.0,1829.0,555
152,28396.0,1863.0,578
153,29828.0,1823.0,550
154,30655.0,1755.0,555
155,30306.0,1785.0,538
156,29151.0,1853.0,561
157,29203.0,1851.0,558
158,30161.0,1798.0,542
159,31277.0,1675.0,544
160,29561.0,1835.0,535
161,29460.0,1842.0,557
162,29676.0,1823.0,554
163,30094.0,1801.0,561
164,29985.0,1818.0,535
165,30053.0,1812.0,566
166,30751.0,1742.0,553
167,29983.0,1808.0,540
168,29623.0,1834.0,574
169,30638.0,1964.0,516
170,29815.0,1997.0,555
171,30754.0,1942.0,537
172,30304.0,1981.0,531
173,29824.0,2006.0,571
174,31272.0,1899.0,545
175,30686.0,1949.0,531
176,29717.0,2005.0,551
177,31676.0,1833.0,538
178,30646.0,1953.0,533
179,30689.0,1946.0,535
180,29610.0,2014.0,553
181,31726.0,1819.0,537
182,30992.0,1937.0,529
183,28923.0,2025.0,553
184,29980.0,1997.0,551
185,30068.0,1980.0,553
186,29930.0,2003.0,549
187,29716.0,2003.0,553
188,30188.0,1983.0,544
189,31099.0,1921.0,548
190,31213.0,1923.0,506
191,30014.0,1987.0,527
192,31234.0,2025.0,546
193,31238.0,2034.0,506
194,29998.0,2105.0,534
195,31010.0,2042.0,536
196,31351.0,2013.0,526
197,30227.0,2100.0,564
198,31305.0,2029.0,526
199,30113.0,2092.0,540
200,30723.0,2069.0,540
201,31251.0,2035.0,506
202,30065.0,2110.0,567
203,31421.0,2003.0,543
204,30231.0,2093.0,529
205,30135.0,2109.0,559
206,31299.0,2023.0,532
207,30069.0,2098.0,544
208,30328.0,2085.0,546
209,31014.0,2056.0,520
210,29898.0,2113.0,537
211,31353.0,2010.0,544
212,30323.0,2086.0,529
213,30335.0,2092.0,522
214,30220.0,2100.0,541
215,30826.0,2052.0,532
216,29790.0,2111.0,545
217,31115.0,2042.0,548
218,31719.0,1977.0,530
219,31424.0,2003.0,530
220,29005.0,2135.0,552
221,30179.0,2102.0,546
222,32464.0,1737.0,525
223,30275.0,2087.0,548
224,30842.0,2062.0,550
225,30611.0,2081.0,517
226,30004.0,2112.0,568
227,31415.0,2003.0,543
228,29007.0,2136.0,553
229,30390.0,2093.0,546
230,32117.0,1873.0,531
231,31058.0,2022.0,529
232,31365.0,2025.0,524
233,30062.0,2105.0,547
234,30008.0,2100.0,548
235,31064.0,2051.0,529
236,29998.0,2103.0,548
237,30665.0,2066.0,550
238,30998.0,2048.0,550
239,30172.0,2105.0,525
240,30178.0,2099.0,533
241,30834.0,2240.0,554
242,31415.0,2211.0,504
243,30610.0,2265.0,518
244,31716.0,2187.0,539
245,31656.0,2186.0,534
246,31835.0,2172.0,517
247,31300.0,2224.0,514
248,30550.0,2265.0,539
249,31305.0,2215.0,522
250,30792.0,2253.0,542
251,31882.0,2166.0,527
252,32310.0,2098.0,529
253,31353.0,2208.0,526
254,31128.0,2089.0,548
255,31363.0,2069.0,520
256,30022.0,2148.0,537
257,30858.0,2106.0,551
258,30943.0,2094.0,546
259,31427.0,2061.0,516
260,29791.0,2154.0,538
261,30063.0,2137.0,538
262,30398.0,2128.0,540
263,30239.0,2144.0,545
264,30297.0,2139.0,545
265,31185.0,2075.0,526
266,30170.0,2262.0,566
267,31297.0,2208.0,516
268,29998.0,2273.0,532
269,31406.0,2190.0,521
270,30894.0,2228.0,516
271,31810.0,2156.0,537
272,31831.0,2158.0,515
273,30767.0,2226.0,535
274,30553.0,2246.0,539
275,31407.0,2199.0,516
276,30434.0,2252.0,521
277,31591.0,2173.0,541
278,30440.0,2258.0,542
279,30804.0,2229.0,534
280,30169.0,2272.0,546
281,31538.0,2180.0,522
282,30381.0,2251.0,537
283,32594.0,1970.0,524
284,31863.0,2145.0,523
285,29683.0,2277.0,538
286,31123.0,2207.0,531
287,30903.0,2231.0,516
288,30556.0,2252.0,539
289,31346.0,2204.0,518
290,31284.0,2202.0,522
291,30323.0,2262.0,539
292,31064.0,2231.0,542
293,32000.0,2137.0,534
294,30654.0,2236.0,529
295,30720.0,2245.0,539
296,32613.0,2025.0,524
297,31690.0,2177.0,518
298,31223.0,2205.0,524
299,30060.0,2270.0,541
300,30450.0,2258.0,541
301,32886.0,1894.0,519
302,31528.0,2175.0,526
303,30944.0,2222.0,526
304,30485.0,2254.0,536
305,31752.0,2149.0,525
306,31769.0,2146.0,527
307,31622.0,2173.0,516
308,31125.0,2218.0,518
309,29899.0,2274.0,536
310,31225.0,2198.0,529
311,30325.0,2257.0,563
312,31592.0,2180.0,519
313,31757.0,2152.0,525
314,30529.0,2238.0,519
315,30607.0,2249.0,558
316,31577.0,2178.0,522
317,30379.0,2251.0,536
318,31342.0,2196.0,530
319,31034.0,2216.0,550
320,31757.0,2158.0,519
321,30538.0,2239.0,536
322,30493.0,2243.0,534
323,30818.0,2228.0,536
324,31459.0,2200.0,512
325,30292.0,2256.0,547
326,31111.0,2207.0,534
327,30161.0,2263.0,538
328,31335.0,2195.0,521
329,31344.0,2192.0,522
330,30260.0,2258.0,537
331,32364.0,2036.0,528
332,31118.0,2218.0,529
333,30489.0,2252.0,540
334,30430.0,2243.0,541
335,30437.0,2251.0,541
336,30309.0,2408.0,564
337,32301.0,2261.0,525
338,32043.0,2289.0,514
339,30883.0,2378.0,534
340,30721.0,2392.0,535
341,31693.0,2324.0,516
342,31164.0,2361.0,520
343,31264.0,2360.0,532
344,30310.0,2407.0,532
345,31988.0,2297.0,516
346,31755.0,2320.0,516
347,30482.0,2400.0,537
348,30646.0,2396.0,535
349,31809.0,2311.0,516
350,31693.0,2315.0,517
351,30371.0,2404.0,539
352,32296.0,2252.0,518
353,32176.0,2275.0,515
354,32058.0,2278.0,517
355,30928.0,2371.0,553
356,31871.0,2311.0,514
357,30831.0,2375.0,540
358,31636.0,2325.0,528
359,31570.0,2327.0,536
360,30310.0,2402.0,528
361,31965.0,2178.0,495
362,30554.0,2281.0,519
363,30612.0,2287.0,540
364,31891.0,2191.0,521
365,30685.0,2279.0,557
366,31580.0,2213.0,541
367,30450.0,2298.0,521
368,30378.0,2299.0,531
369,31068.0,2256.0,546
370,31186.0,2255.0,510
371,30610.0,2291.0,538
372,30626.0,2297.0,536
373,33004.0,1866.0,517
374,32017.0,2191.0,520
375,30499.0,2301.0,543
376,31240.0,2260.0,541
377,31307.0,2262.0,506
378,30559.0,2307.0,522
379,30393.0,2304.0,522
380,30662.0,2294.0,527
381,31785.0,2221.0,513
382,30394.0,2318.0,536
383,29379.0,2341.0,541
384,31244.0,2259.0,532
385,31194.0,2270.0,514
386,30849.0,2295.0,554
387,31966.0,2196.0,535
388,30570.0,2300.0,524
389,30836.0,2289.0,537
390,31966.0,2203.0,525
391,30620.0,2294.0,518
392,30795.0,2289.0,529
393,31831.0,2210.0,528
394,31898.0,2208.0,523
395,30568.0,2302.0,521
396,31801.0,2310.0,538
397,31816.0,2318.0,538
398,30878.0,2385.0,514
399,30780.0,2384.0,529
400,31166.0,2362.0,533
401,30944.0,2378.0,518
402,30723.0,2392.0,537
403,31699.0,2319.0,525
404,30922.0,2370.0,527
405,30425.0,2401.0,538
406,31945.0,2308.0,505
407,30539.0,2388.0,547
408,31868.0,2299.0,537
409,31739.0,2321.0,539
410,29725.0,2427.0,542
411,32002.0,2286.0,535
412,31991.0,2285.0,495
413,30990.0,2372.0,512
414,30874.0,2382.0,534
415,30922.0,2371.0,533
416,31109.0,2368.0,530
417,32229.0,2261.0,511
418,30768.0,2373.0,536
419,30934.0,2367.0,533
420,30773.0,2390.0,536
421,31574.0,2328.0,518
422,31104.0,2360.0,517
423,30823.0,2383.0,555
424,32229.0,2263.0,522
425,30706.0,2379.0,543
426,31877.0,2301.0,523
427,31703.0,2324.0,515
428,31167.0,2366.0,509
429,30824.0,2370.0,539
430,31049.0,2366.0,517
431,31000.0,2373.0,512
432,32069.0,2310.0,534
433,32119.0,2279.0,503
434,31232.0,2366.0,513
435,31116.0,2369.0,525
436,31562.0,2338.0,523
437,31938.0,2298.0,521
438,31089.0,2365.0,521
439,31507.0,2353.0,543
440,32291.0,2267.0,523
441,32415.0,2252.0,520
442,29969.0,2409.0,536
443,33124.0,2054.0,516
444,32231.0,2289.0,512
445,31030.0,2465.0,527
446,31187.0,2459.0,533
447,32143.0,2396.0,510
448,32705.0,2318.0,517
449,31442.0,2445.0,521
450,31735.0,2431.0,526
451,32213.0,2391.0,532
452,30813.0,2488.0,518
453,31432.0,2441.0,529
454,31596.0,2436.0,510
455,31379.0,2459.0,506
456,31144.0,2473.0,510
457,31073.0,2265.0,550
458,31582.0,2231.0,529
459,31541.0,2242.0,519
460,32189.0,2161.0,524
461,30612.0,2291.0,538
462,30741.0,2288.0,536
463,31377.0,2250.0,525
464,31301.0,2260.0,526
465,31845.0,2212.0,518
466,30630.0,2295.0,534
467,30626.0,2170.0,524
468,30248.0,2195.0,546
469,29823.0,2210.0,536
470,30924.0,2155.0,549
471,31023.0,2138.0,540
472,31337.0,2123.0,529
473,31723.0,2088.0,524
474,30083.0,2191.0,534
475,30410.0,2175.0,540
476,30243.0,2198.0,545
477,30204.0,2194.0,543
478,31028.0,2139.0,528
479,30401.0,2174.0,533
480,30427.0,2187.0,542
481,31785.0,2068.0,528
482,31603.0,2085.0,527
483,30587.0,2168.0,537
484,30132.0,2203.0,544
485,31932.0,2068.0,523
486,30252.0,2187.0,524
487,30970.0,2144.0,522
488,30346.0,2192.0,562
489,31613.0,2097.0,527
490,30519.0,2173.0,539
491,30801.0,2160.0,526
492,30037.0,2200.0,547
493,30815.0,2162.0,538
494,30429.0,2175.0,540
495,32721.0,1768.0,521
496,31566.0,2102.0,519
497,31664.0,2096.0,520
498,30481.0,2175.0,540
499,30582.0,2170.0,525
500,31267.0,2127.0,506
501,31162.0,2134.0,526
502,29640.0,2213.0,555
503,31305.0,2115.0,525
504,30916.0,2148.0,532
505,30364.0,2190.0,522
506,32561.0,1821.0,524
507,30135.0,2186.0,566
508,31321.0,2124.0,523
509,31441.0,2099.0,527
510,29703.0,2206.0,538
511,30739.0,2164.0,541
512,32038.0,2017.0,533
513,31274.0,2120.0,526
514,29113.0,2221.0,550
515,26758.0,929.0,630
516,26797.0,919.0,589
517,25806.0,960.0,627
518,26050.0,957.0,631
519,26676.0,937.0,612
520,25487.0,963.0,621
521,25923.0,957.0,635
522,25529.0,972.0,660
523,26261.0,951.0,614
524,24883.0,976.0,640
525,26090.0,953.0,625
526,25921.0,961.0,639
527,25150.0,982.0,647
528,25461.0,965.0,640
529,26248.0,942.0,618
530,25572.0,971.0,644
531,25113.0,983.0,649
532,25496.0,971.0,634
533,25402.0,972.0,637
534,27107.0,893.0,612
535,26716.0,929.0,611
536,25882.0,954.0,626
537,26263.0,942.0,618
538,26257.0,947.0,629
539,26289.0,948.0,601
540,25450.0,966.0,622
541,26422.0,936.0,638
542,25974.0,958.0,629
543,24948.0,982.0,655
544,25210.0,972.0,648
545,25681.0,965.0,655
546,26341.0,940.0,619
547,25531.0,965.0,634
548,25610.0,962.0,638
549,25646.0,968.0,636
550,25888.0,959.0,628
551,25971.0,955.0,624
552,26131.0,946.0,636
553,26507.0,943.0,604
554,25690.0,965.0,616
555,25639.0,963.0,631
556,26008.0,957.0,637
557,24996.0,985.0,647
558,26639.0,931.0,616
559,25646.0,955.0,627
560,25925.0,958.0,630
561,29004.0,2582.0,550
562,31860.0,2465.0,538
563,32407.0,2399.0,521
564,31512.0,2480.0,527
565,31275.0,2499.0,548
566,32116.0,2443.0,509
567,30815.0,2529.0,523
568,31742.0,2462.0,540
569,32104.0,2433.0,534
570,32283.0,2418.0,518
571,32939.0,2277.0,520
572,32057.0,2439.0,514
573,32107.0,2447.0,507
574,31579.0,2497.0,537
575,32530.0,2397.0,527
576,31926.0,2456.0,534
577,32099.0,2444.0,532
578,31333.0,2505.0,510
579,31203.0,2503.0,529
580,31877.0,2471.0,518
581,30750.0,2521.0,546
582,32162.0,2420.0,493
583,31317.0,2496.0,507
584,31222.0,2508.0,549
585,32530.0,2375.0,527
586,31851.0,2451.0,516
587,30629.0,2532.0,533
588,30760.0,2531.0,536
589,31806.0,2458.0,512
590,31492.0,2477.0,524
591,30631.0,2528.0,532
592,30981.0,2518.0,533
593,33368.0,2110.0,513
594,31737.0,2464.0,517
595,31267.0,2501.0,528
596,30996.0,2521.0,532
597,31926.0,2452.0,513
598,32162.0,2422.0,513
599,32098.0,2438.0,508
600,30584.0,2541.0,534
601,32525.0,2388.0,513
602,31381.0,2485.0,533
603,32038.0,2443.0,535
604,30815.0,2530.0,518
605,31048.0,2512.0,512
606,31155.0,2499.0,537
607,32105.0,2436.0,516
608,32109.0,2442.0,511
609,29998.0,2553.0,533
610,31572.0,2478.0,531
611,31851.0,2461.0,530
612,30877.0,2526.0,515
613,30933.0,2514.0,514
614,32407.0,2394.0,529
615,31095.0,2509.0,541
616,32545.0,2390.0,512
617,31108.0,2510.0,511
618,32290.0,2406.0,511
619,32146.0,2421.0,513
620,30987.0,2520.0,536
621,32942.0,2269.0,520
622,32149.0,2420.0,516
623,32099.0,2426.0,512
624,30657.0,2532.0,533
625,31806.0,2467.0,539
626,32164.0,2422.0,511
627,32092.0,2425.0,514
628,29323.0,628.0,514
629,30633.0,59.0,554
630,26593.0,1001.0,634
631,26630.0,998.0,631
632,26904.0,988.0,608
633,26032.0,1024.0,628
634,27026.0,976.0,624
635,25115.0,1032.0,641
636,26432.0,1010.0,598
637,25948.0,1027.0,625
638,26426.0,1004.0,617
639,26129.0,1020.0,630
640,26899.0,994.0,598
641,25850.0,1029.0,612
642,26008.0,1013.0,648
643,25386.0,1036.0,654
644,24927.0,1048.0,652
645,25349.0,1034.0,636
646,26639.0,997.0,593
647,26187.0,1016.0,608
648,25894.0,1030.0,642
649,27218.0,966.0,613
650,26508.0,999.0,616
651,25037.0,1040.0,648
652,26605.0,1006.0,602
653,25343.0,1040.0,635
654,26598.0,994.0,594
655,26017.0,1021.0,615
656,25897.0,1031.0,645
657,27037.0,986.0,609
658,25991.0,1018.0,620
659,27577.0,904.0,612
660,26694.0,998.0,610
661,26776.0,996.0,610
662,25940.0,1011.0,621
663,26605.0,1001.0,634
664,26643.0,1004.0,593
665,25809.0,1025.0,613
666,27032.0,1012.0,604
667,26184.0,1021.0,624
668,27807.0,874.0,587
669,26936.0,984.0,606
670,27029.0,980.0,604
671,26737.0,998.0,627
672,27120.0,969.0,622
673,25729.0,1026.0,627
674,27577.0,925.0,612
675,26855.0,997.0,600
676,25809.0,1024.0,613
677,26607.0,999.0,614
678,25036.0,1044.0,647
679,24773.0,1051.0,640
680,26823.0,984.0,623
681,26475.0,1004.0,616
682,25808.0,1026.0,633
683,25740.0,1034.0,636
684,27615.0,907.0,611
685,25109.0,1033.0,638
686,25853.0,1025.0,632
687,26828.0,993.0,609
688,25978.0,1020.0,627
689,25685.0,1025.0,636
690,26059.0,1018.0,627
691,26056.0,1019.0,626
692,26187.0,1017.0,632
693,25309.0,1044.0,626
694,27038.0,979.0,624
695,25860.0,1023.0,612
696,26555.0,1005.0,635
697,25543.0,1035.0,620
698,27438.0,944.0,615
699,26311.0,1008.0,620
700,26347.0,1013.0,627
701,26907.0,992.0,627
702,27038.0,980.0,611
703,26740.0,991.0,631
704,26598.0,1002.0,634
705,25972.0,1021.0,629
706,25692.0,1029.0,636
707,26253.0,1011.0,622
708,24824.0,1042.0,659
709,26380.0,1009.0,618
710,25980.0,1022.0,629
711,27757.0,865.0,608
712,26259.0,1004.0,624
713,24971.0,1048.0,655
714,26738.0,1000.0,606
715,25860.0,1032.0,652
716,26267.0,1015.0,602
717,26374.0,1011.0,599
718,25948.0,1027.0,625
719,26679.0,994.0,613
720,26597.0,1002.0,612
721,25859.0,1026.0,633
722,27521.0,930.0,613
723,25575.0,1029.0,619
724,26313.0,1005.0,619
725,26014.0,1026.0,628
726,25940.0,1033.0,634
727,26993.0,978.0,625
728,25617.0,1030.0,631
729,25980.0,1022.0,630
730,25774.0,1030.0,631
731,26486.0,1005.0,617
732,26149.0,1014.0,628
733,25739.0,1029.0,655
734,24839.0,1047.0,648
735,24742.0,1045.0,655
736,26385.0,1004.0,639
737,25579.0,1027.0,626
738,25824.0,1032.0,640
739,27724.0,1002.0,609
740,25362.0,1104.0,635
741,26487.0,1085.0,631
742,25616.0,1105.0,618
743,27274.0,1046.0,619
744,27309.0,1049.0,618
745,27213.0,1043.0,600
746,26314.0,1092.0,621
747,26830.0,1078.0,602
748,27671.0,1016.0,607
749,27227.0,1052.0,604
750,27188.0,1059.0,600
751,26357.0,1092.0,626
752,27278.0,1057.0,602
753,26266.0,1088.0,616
754,27000.0,1067.0,612
755,26450.0,1088.0,604
756,26154.0,1101.0,625
757,26919.0,1065.0,606
758,26119.0,1097.0,622
759,26165.0,1093.0,625
760,26483.0,1092.0,603
761,26436.0,1083.0,621
762,26604.0,1080.0,608
763,26441.0,1087.0,620
764,27273.0,1056.0,600
765,26360.0,1084.0,616
766,26512.0,1083.0,620
767,26609.0,1082.0,606
768,26116.0,1102.0,606
769,25940.0,1088.0,610
770,26483.0,1089.0,625
771,25862.0,1101.0,620
772,25961.0,1106.0,624
773,26670.0,1076.0,611
774,26483.0,1085.0,616
775,27866.0,998.0,606
776,27267.0,1057.0,599
777,26390.0,1083.0,612
778,26567.0,1081.0,618
779,26431.0,1092.0,599
780,27178.0,1065.0,621
781,27323.0,1048.0,578
782,26436.0,1089.0,598
783,26404.0,1090.0,607
784,25953.0,1106.0,626
785,26393.0,1082.0,619
786,26153.0,1103.0,626
787,27501.0,1030.0,614
788,26267.0,1095.0,609
789,26271.0,1094.0,625
790,26562.0,1113.0,615
791,26609.0,1086.0,614
792,26453.0,1089.0,618
793,28191.0,923.0,599
794,27079.0,1056.0,603
795,26684.0,3124.0,643
796,28524.0,3101.0,563
797,32833.0,2934.0,495
798,32133.0,2985.0,507
799,31840.0,2993.0,521
800,32093.0,2987.0,524
801,32385.0,2967.0,521
802,33752.0,2773.0,511
803,33089.0,2892.0,502
804,31811.0,2988.0,517
805,32496.0,2954.0,517
806,33264.0,2876.0,519
807,33269.0,2868.0,487
808,32681.0,3174.0,495
809,32179.0,3215.0,515
810,33005.0,3171.0,523
811,32991.0,3156.0,518
812,33040.0,3143.0,513
813,33522.0,3101.0,517
814,32345.0,3207.0,501
815,32232.0,3203.0,497
816,33381.0,3111.0,519
817,33140.0,3145.0,494
818,31638.0,3245.0,513
819,34675.0,2729.0,498
820,32423.0,3189.0,494
821,34819.0,2597.0,495
822,31163.0,3254.0,515
823,33442.0,3090.0,493
824,32927.0,3151.0,516
825,33045.0,3140.0,514
826,34017.0,2996.0,507
827,33641.0,3059.0,501
828,31626.0,3229.0,507
829,32110.0,3211.0,513
830,33824.0,3041.0,512
831,33700.0,3048.0,510
832,32222.0,3189.0,497
833,31558.0,3249.0,518
834,32555.0,3198.0,519
835,32613.0,3181.0,519
836,32613.0,3180.0,520
837,33830.0,3043.0,492
838,33315.0,3116.0,500
839,32103.0,3217.0,519
840,32122.0,3219.0,519
841,33515.0,3093.0,497
842,32096.0,3209.0,499
843,31561.0,3249.0,517
844,33320.0,2850.0,478
845,31692.0,2978.0,504
846,31942.0,2966.0,511
847,31289.0,3011.0,524
848,33505.0,2811.0,515
849,33439.0,2814.0,509
850,30951.0,3018.0,520
851,31835.0,2985.0,521
852,33451.0,2827.0,514
853,33184.0,2856.0,505
854,31173.0,3009.0,520
855,33051.0,2882.0,482
856,31837.0,2986.0,502
857,33063.0,2884.0,522
858,32683.0,2924.0,528
859,32814.0,2920.0,491
860,31964.0,2986.0,500
861,32011.0,2966.0,515
862,32807.0,2908.0,514
863,33332.0,2864.0,497
864,31718.0,2991.0,504
865,32008.0,2970.0,510
866,32554.0,2926.0,530
867,32546.0,2936.0,501
868,32315.0,2962.0,515
869,32009.0,2971.0,518
870,32383.0,2941.0,501
871,31767.0,2989.0,523
872,32998.0,2888.0,499
873,32126.0,2960.0,512
874,31816.0,2977.0,521
875,33205.0,2864.0,500
876,33304.0,2855.0,498
877,31953.0,2965.0,520
878,31642.0,2990.0,525
879,31698.0,3000.0,524
880,33495.0,2820.0,495
881,33186.0,2866.0,502
882,30712.0,3031.0,524
883,32022.0,2984.0,524
884,33376.0,2844.0,517
885,32437.0,2940.0,505
886,31703.0,2994.0,515
887,32064.0,2979.0,518
888,33121.0,2877.0,501
889,31889.0,2975.0,516
890,32240.0,2961.0,518
891,31160.0,342.0,501
892,29096.0,1028.0,581
893,26680.0,1256.0,593
894,27518.0,1232.0,605
895,27807.0,1222.0,608
896,26461.0,1265.0,603
897,28226.0,1194.0,599
898,26946.0,1255.0,594
899,26941.0,1256.0,607
900,26861.0,1259.0,607
901,27433.0,1234.0,592
902,26942.0,1252.0,607
903,26514.0,1266.0,597
904,27255.0,1252.0,620
905,28129.0,1210.0,592
906,27797.0,1225.0,586
907,26978.0,1259.0,606
908,28197.0,1218.0,560
909,27163.0,1247.0,582
910,27760.0,1230.0,609
911,27434.0,1250.0,616
912,26421.0,1273.0,639
913,27846.0,1228.0,587
914,26951.0,1256.0,601
915,27293.0,1253.0,604
916,27891.0,1219.0,590
917,27076.0,1259.0,604
918,27985.0,1218.0,584
919,28134.0,1199.0,581
920,27237.0,1247.0,591
921,27526.0,1242.0,609
922,26341.0,1277.0,610
923,26175.0,1279.0,623
924,27384.0,1241.0,597
925,27377.0,1250.0,605
926,26475.0,1277.0,610
927,27524.0,1236.0,594
928,27302.0,1281.0,598
929,29196.0,1075.0,579
930,28433.0,1233.0,575
931,27474.0,1272.0,595
932,27571.0,1271.0,598
933,27757.0,1268.0,575
934,27664.0,1276.0,611
935,28237.0,1237.0,599
936,28188.0,1244.0,600
937,28096.0,1252.0,562
938,27159.0,1284.0,582
939,28136.0,1246.0,601
940,29180.0,1229.0,580
941,27640.0,1360.0,572
942,28583.0,1313.0,592
943,28644.0,1301.0,591
944,27308.0,1363.0,590
945,28487.0,1317.0,561
946,27308.0,1370.0,619
947,28542.0,1308.0,589
948,28348.0,1320.0,584
949,28062.0,1345.0,569
950,29032.0,1267.0,583
951,27187.0,1368.0,582
952,29446.0,1173.0,575
953,27264.0,1371.0,606
954,28298.0,1326.0,577
955,28348.0,1319.0,577
956,27449.0,1361.0,597
957,27311.0,1378.0,599
958,28141.0,1329.0,581
959,27397.0,1365.0,597
960,27876.0,1349.0,574
961,27547.0,1351.0,601
962,28239.0,1321.0,585
963,27952.0,1347.0,565
964,27490.0,1359.0,586
965,27398.0,1356.0,597
966,27621.0,1348.0,593
967,27773.0,1353.0,574
968,28384.0,1320.0,596
969,28523.0,1298.0,553
970,27717.0,1347.0,579
971,27539.0,1365.0,610
972,28292.0,1324.0,576
973,26570.0,1375.0,596
974,28063.0,1334.0,587
975,28340.0,1324.0,565
976,27420.0,1363.0,609
977,28286.0,1316.0,567
978,27765.0,1347.0,581
979,27676.0,1350.0,603
980,28376.0,1322.0,578
981,27365.0,1355.0,591
982,27623.0,1354.0,597
983,28063.0,1340.0,570
984,27139.0,1371.0,595
985,26905.0,1368.0,608
986,26816.0,1375.0,595
987,27870.0,1349.0,590
988,27148.0,1373.0,596
989,27131.0,1363.0,610
990,28051.0,1332.0,583
991,27258.0,1367.0,599
992,29237.0,1217.0,579
993,26447.0,1376.0,601
994,27950.0,1340.0,587
995,28063.0,1340.0,573
996,27050.0,1378.0,596
997,26944.0,1366.0,610
998,26560.0,1381.0,621
999,27547.0,1363.0,579
1000,27769.0,1339.0,589
1001,26260.0,1391.0,623
1002,27602.0,1359.0,593
1003,27720.0,1349.0,590
1004,26611.0,1389.0,595
1005,28992.0,1261.0,584
1006,28045.0,1337.0,581
1007,27506.0,1358.0,583
1008,27555.0,1364.0,614
1009,28290.0,1329.0,574
1010,27539.0,1353.0,614
1011,27777.0,1348.0,581
1012,27538.0,1363.0,594
1013,28017.0,1341.0,578
1014,27863.0,1337.0,594
1015,27958.0,1341.0,566
1016,27693.0,1358.0,611
1017,28691.0,1293.0,578
1018,27818.0,1340.0,588
1019,28341.0,1316.0,577
1020,27405.0,1368.0,598
1021,29370.0,1172.0,576
1022,28386.0,1308.0,581
1023,26396.0,1390.0,614
1024,28148.0,1325.0,585
1025,27493.0,1358.0,588
1026,27862.0,1352.0,591
1027,27365.0,1370.0,597
1028,27735.0,1351.0,584
1029,28049.0,1337.0,598
1030,28484.0,1317.0,576
1031,28839.0,1291.0,575
1032,27357.0,1358.0,578
1033,28344.0,1321.0,565
1034,28686.0,1357.0,570
1035,29634.0,1112.0,551
1036,27858.0,1352.0,587
1037,27493.0,1358.0,595
1038,27454.0,1356.0,608
1039,28005.0,1337.0,604
1040,26699.0,1385.0,594
1041,28821.0,1282.0,586
1042,28282.0,1314.0,590
1043,26494.0,1384.0,607
1044,28065.0,1341.0,563
1045,27355.0,1363.0,618
1046,28149.0,1324.0,589
1047,27131.0,1367.0,599
1048,29218.0,1215.0,579
1049,29814.0,3371.0,539
1050,33784.0,3130.0,509
1051,34334.0,3030.0,505
1052,33213.0,3205.0,492
1053,33270.0,3203.0,489
1054,32968.0,3237.0,488
1055,32837.0,3246.0,492
1056,32697.0,3236.0,503
1057,31868.0,3302.0,516
1058,34178.0,3050.0,507
1059,33851.0,3113.0,499
1060,31159.0,3316.0,515
1061,32566.0,3258.0,518
1062,32123.0,3283.0,499
1063,32566.0,3252.0,515
1064,32551.0,3252.0,514
1065,32745.0,3241.0,523
1066,33353.0,3187.0,480
1067,32314.0,3262.0,510
1068,32943.0,3211.0,526
1069,33590.0,3149.0,505
1070,34115.0,3082.0,497
1071,32195.0,3276.0,498
1072,32178.0,3267.0,498
1073,32062.0,3279.0,514
1074,35079.0,2934.0,494
1075,31361.0,3473.0,512
1076,33255.0,3354.0,522
1077,34070.0,3284.0,492
1078,32601.0,3414.0,512
1079,33375.0,3364.0,482
1080,32601.0,3411.0,497
1081,33589.0,3320.0,497
1082,32796.0,3396.0,509
1083,34048.0,3247.0,490
1084,31371.0,3463.0,532
1085,35136.0,2756.0,492
1086,33785.0,3294.0,487
1087,32980.0,3385.0,487
1088,32527.0,3406.0,506
1089,33919.0,3262.0,512
1090,33774.0,3294.0,489
1091,32467.0,3424.0,534
1092,34184.0,3211.0,508
1093,33839.0,3269.0,502
1094,32539.0,3411.0,533
1095,34159.0,3383.0,469
1096,32676.0,3522.0,491
1097,32751.0,3512.0,490
1098,32490.0,3541.0,505
1099,32437.0,3547.0,507
1100,33404.0,3468.0,503
1101,33065.0,3490.0,510
1102,33536.0,3461.0,490
1103,33731.0,3443.0,507
1104,35157.0,3055.0,494
1105,33150.0,3487.0,497
1106,32638.0,3533.0,506
1107,32954.0,3520.0,509
1108,35394.0,2809.0,489
1109,33387.0,3457.0,494
1110,32678.0,3524.0,506
1111,32696.0,3532.0,511
1112,35341.0,2855.0,490
1113,33869.0,3399.0,491
1114,32660.0,3521.0,511
1115,35290.0,2903.0,491
1116,34094.0,3381.0,490
1117,32751.0,3505.0,507
1118,33528.0,3452.0,518
1119,33888.0,3411.0,490
1120,31506.0,3579.0,510
1121,33421.0,3220.0,498
1122,32181.0,3333.0,515
1123,34201.0,3097.0,507
1124,33409.0,3159.0,499
1125,32574.0,3312.0,512
1126,32386.0,3327.0,515
1127,32447.0,3307.0,526
1128,33023.0,3260.0,519
1129,33492.0,3229.0,478
1130,32382.0,3327.0,495
1131,32567.0,3298.0,509
1132,35005.0,2673.0,493
1133,33095.0,3301.0,488
1134,32780.0,3338.0,489
1135,32528.0,3343.0,493
1136,32391.0,3342.0,495
1137,32688.0,3333.0,523
1138,33772.0,3242.0,474
1139,32632.0,3324.0,517
1140,33028.0,3301.0,525
1141,33570.0,3258.0,517
1142,34230.0,3141.0,507
1143,33973.0,3176.0,500
1144,31045.0,3405.0,517
1145,34087.0,3211.0,469
1146,32223.0,3416.0,511
1147,33905.0,3241.0,512
1148,33702.0,3274.0,509
1149,33827.0,3263.0,513
1150,32341.0,3404.0,496
1151,32293.0,3399.0,506
1152,32586.0,3382.0,512
1153,33638.0,3279.0,496
1154,31352.0,3455.0,517
1155,32287.0,3420.0,516
1156,33565.0,3296.0,494
1157,33649.0,3287.0,491
1158,33450.0,3327.0,486
1159,32722.0,3388.0,493
1160,31972.0,3425.0,502
1161,33175.0,3335.0,523
1162,33368.0,3319.0,520
1163,33699.0,3291.0,491
1164,32459.0,3390.0,507
1165,32606.0,3421.0,512
1166,32528.0,3391.0,513
1167,33240.0,3325.0,502
1168,33635.0,3285.0,496
1169,32357.0,3517.0,516
1170,34410.0,3276.0,485
1171,33111.0,3460.0,497
1172,32036.0,3532.0,509
1173,32373.0,3526.0,511
1174,34408.0,3275.0,505
1175,33729.0,3400.0,493
1176,32424.0,3515.0,511
1177,34680.0,3209.0,501
1178,34016.0,3363.0,491
1179,33049.0,3459.0,499
1180,32171.0,3533.0,511
1181,32546.0,3511.0,509
1182,34351.0,3283.0,505
1183,33397.0,3427.0,496
1184,32173.0,3520.0,508
1185,32294.0,3525.0,511
1186,34146.0,3322.0,469
1187,32613.0,3492.0,494
1188,32477.0,3506.0,506
1189,32236.0,3525.0,508
1190,33274.0,3441.0,519
1191,33063.0,3459.0,522
1192,34014.0,3361.0,502
1193,33736.0,3400.0,515
1194,33890.0,3541.0,513
1195,34187.0,3510.0,509
1196,34046.0,3537.0,511
1197,34621.0,3447.0,500
1198,34754.0,3397.0,501
1199,33707.0,3561.0,489
1200,32841.0,3646.0,510
1201,34469.0,3471.0,494
1202,32144.0,3669.0,500
1203,32828.0,3637.0,504
1204,33421.0,3597.0,506
1205,34957.0,3339.0,498
1206,34512.0,3436.0,496
1207,33541.0,3566.0,494
1208,32516.0,3659.0,509
1209,32511.0,3666.0,509
1210,33758.0,3562.0,495
1211,32911.0,3635.0,508
1212,33045.0,3607.0,506
1213,32314.0,3659.0,517
1214,33039.0,3619.0,507
1215,32824.0,3635.0,508
1216,34115.0,3495.0,492
1217,33901.0,3531.0,489
1218,34075.0,3449.0,510
1219,34229.0,3454.0,483
1220,33341.0,3528.0,498
1221,32237.0,3608.0,505
1222,33085.0,3572.0,516
1223,33479.0,3527.0,513
1224,33960.0,3457.0,497
1225,32684.0,3576.0,497
1226,32186.0,3625.0,511
1227,35176.0,3124.0,494
1228,34503.0,3376.0,496
1229,33882.0,3489.0,484
1230,33816.0,3497.0,483
1231,33832.0,3485.0,488
1232,32958.0,3560.0,508
1233,34014.0,3466.0,486
1234,32880.0,3574.0,500
1235,33212.0,3547.0,503
1236,34394.0,3404.0,492
1237,33146.0,3554.0,484
1238,33219.0,3558.0,483
1239,32966.0,3579.0,487
1240,32893.0,3569.0,513
1241,33266.0,3533.0,514
1242,34037.0,3472.0,486
1243,34536.0,3367.0,497
1244,34506.0,3349.0,504
1245,33270.0,3523.0,495
1246,32444.0,3602.0,506
1247,32449.0,3601.0,503
1248,33351.0,3522.0,512
1249,33961.0,3461.0,505
1250,34016.0,3472.0,511
1251,33889.0,3480.0,513
1252,34377.0,3420.0,486
1253,33132.0,3540.0,504
1254,33838.0,3490.0,481
1255,32757.0,3574.0,494
1256,32623.0,3573.0,495
1257,32617.0,3579.0,506
1258,32245.0,3615.0,509
1259,35039.0,3151.0,496
1260,34093.0,3437.0,491
1261,32619.0,3580.0,507
1262,32627.0,3592.0,511
1263,34012.0,3450.0,489
1264,33273.0,3527.0,498
1265,34337.0,3332.0,496
1266,34301.0,3358.0,487
1267,33270.0,3463.0,493
1268,32817.0,3506.0,489
1269,32734.0,3497.0,515
1270,33612.0,3434.0,517
1271,33275.0,3463.0,482
1272,32866.0,3505.0,488
1273,32673.0,3507.0,510
1274,33522.0,3427.0,501
1275,34146.0,3351.0,496
1276,34422.0,3294.0,505
1277,34215.0,3340.0,498
1278,31546.0,3561.0,510
1279,32358.0,3534.0,507
1280,34487.0,3270.0,504
1281,34204.0,3324.0,501
1282,33142.0,3481.0,484
1283,33066.0,3489.0,485
1284,32877.0,3503.0,489
1285,32542.0,3509.0,533
1286,33720.0,3419.0,515
1287,33721.0,3417.0,484
1288,32804.0,3505.0,491
1289,32679.0,3506.0,531
1290,34167.0,3392.0,469
1291,33081.0,3512.0,505
1292,32939.0,3511.0,507
1293,32748.0,3525.0,509
1294,32931.0,3521.0,509
1295,32562.0,3550.0,511
1296,33810.0,3426.0,491
1297,33947.0,3406.0,488
1298,33414.0,3483.0,483
1299,32747.0,3535.0,492
1300,32734.0,3523.0,515
1301,33739.0,3429.0,506
1302,33263.0,3493.0,522
1303,34072.0,3390.0,504
1304,32635.0,3530.0,498
1305,33867.0,3407.0,498
1306,33737.0,3438.0,488
1307,32616.0,3537.0,497
1308,32679.0,3522.0,491
1309,32606.0,3520.0,492
1310,32483.0,3548.0,513
1311,34561.0,3268.0,503
1312,34146.0,3364.0,498
1313,33012.0,3508.0,486
1314,32954.0,3524.0,487
1315,32877.0,3526.0,488
1316,32948.0,3506.0,503
1317,33546.0,3460.0,498
1318,33399.0,3466.0,500
1319,32170.0,3558.0,519
1320,32561.0,3544.0,513
1321,32181.0,3573.0,509
1322,33745.0,3447.0,515
1323,34005.0,3392.0,488
1324,33058.0,3503.0,493
1325,32407.0,3554.0,505
1326,32748.0,3541.0,510
1327,33090.0,3500.0,506
1328,33589.0,3458.0,489
1329,34080.0,3409.0,510
1330,32698.0,3545.0,493
1331,33872.0,3423.0,513
1332,33877.0,3430.0,513
1333,33535.0,3474.0,483
1334,33013.0,3523.0,487
1335,32887.0,3518.0,501
1336,32563.0,3544.0,503
1337,32241.0,3678.0,506
1338,32784.0,3654.0,506
1339,34163.0,3502.0,489
1340,32843.0,3636.0,507
1341,34992.0,3306.0,497
1342,34735.0,3404.0,498
1343,34588.0,3422.0,499
1344,33819.0,3553.0,488
1345,32836.0,3648.0,505
1346,33025.0,3628.0,506
1347,34812.0,3380.0,480
1348,34317.0,3485.0,487
1349,33844.0,3556.0,494
1350,33357.0,3611.0,501
1351,35214.0,3205.0,494
1352,34391.0,3463.0,494
1353,33689.0,3570.0,483
1354,33504.0,3599.0,480
1355,32911.0,3641.0,489
1356,33283.0,3598.0,508
1357,33627.0,3574.0,514
1358,34095.0,3524.0,510
1359,34615.0,3435.0,503
1360,33795.0,3348.0,509
1361,33513.0,3379.0,517
1362,33867.0,3349.0,488
1363,32660.0,3459.0,491
1364,32858.0,3432.0,504
1365,32159.0,3483.0,509
1366,32277.0,3479.0,508
1367,34960.0,3004.0,496
1368,34057.0,3302.0,495
1369,32016.0,3485.0,507
1370,32212.0,3485.0,511
1371,34399.0,3235.0,505
1372,32152.0,3473.0,499
1373,32093.0,3483.0,509
1374,32604.0,3465.0,512
1375,35310.0,2812.0,490
1376,35091.0,2955.0,494
1377,33994.0,3326.0,492
1378,32850.0,3471.0,508
1379,35111.0,2883.0,473
1380,33864.0,3329.0,493
1381,33037.0,3420.0,502
1382,34542.0,3463.0,504
1383,34688.0,3424.0,502
1384,34304.0,3503.0,494
1385,33239.0,3637.0,483
1386,33238.0,3645.0,483
1387,33096.0,3637.0,493
1388,33987.0,3550.0,512
1389,33968.0,3553.0,512
1390,33501.0,3623.0,482
1391,33189.0,3638.0,491
1392,33165.0,3637.0,494
1393,32597.0,3687.0,504
1394,32727.0,3718.0,518
1395,33984.0,3608.0,512
1396,33840.0,3606.0,507
1397,34114.0,3583.0,510
1398,34278.0,3571.0,488
1399,32920.0,3712.0,509
1400,33308.0,3673.0,507
1401,33231.0,3668.0,508
1402,33495.0,3653.0,519
1403,34412.0,3549.0,490
1404,35110.0,3328.0,496
1405,34176.0,3566.0,491
1406,32449.0,3726.0,505
1407,33447.0,3706.0,520
1408,32468.0,3771.0,515
1409,32394.0,3781.0,516
1410,33709.0,3671.0,496
1411,34047.0,3632.0,491
1412,32724.0,3763.0,506
1413,34416.0,3577.0,490
1414,34393.0,3575.0,487
1415,32016.0,3787.0,505
1416,32591.0,3769.0,506
1417,34769.0,3520.0,501
1418,34424.0,3596.0,486
1419,33383.0,3703.0,481
1420,33176.0,3730.0,484
1421,32972.0,3736.0,513
1422,34408.0,3595.0,466
1423,33514.0,3702.0,479
1424,33367.0,3706.0,485
1425,33851.0,3659.0,514
1426,33938.0,3642.0,511
1427,34497.0,3588.0,489
1428,32615.0,3772.0,504
1429,34337.0,3591.0,467
1430,32990.0,3732.0,527
1431,34269.0,3600.0,508
1432,34627.0,3539.0,502
1433,34763.0,3507.0,501
1434,34335.0,3582.0,493
1435,33638.0,3682.0,484
1436,32792.0,3762.0,505
1437,34853.0,3512.0,493
1438,32728.0,3741.0,491
1439,33127.0,3737.0,505
1440,34200.0,3599.0,489
1441,34551.0,3545.0,484
1442,34838.0,3495.0,500
1443,34628.0,3582.0,483
1444,31962.0,3811.0,509
1445,34412.0,3586.0,466
1446,33064.0,3731.0,526
1447,34362.0,3605.0,487
1448,34832.0,3499.0,496
1449,34763.0,3507.0,499
1450,33180.0,3716.0,504
1451,35846.0,2936.0,484
1452,34558.0,3585.0,483
1453,31974.0,3798.0,503
1454,33791.0,3667.0,515
1455,34207.0,3629.0,509
1456,33314.0,3725.0,483
1457,33239.0,3720.0,495
1458,33986.0,3646.0,512
1459,34277.0,3618.0,508
1460,32978.0,3746.0,487
1461,32986.0,3740.0,513
1462,33574.0,3686.0,517
1463,34143.0,3640.0,510
1464,33448.0,3717.0,480
1465,33105.0,3724.0,498
1466,33100.0,3725.0,498
1467,32339.0,3780.0,504
1468,33387.0,3719.0,515
1469,34627.0,3568.0,463
1470,33245.0,3722.0,483
1471,34616.0,3575.0,503
1472,34413.0,3586.0,486
1473,32716.0,3759.0,511
1474,32921.0,3759.0,506
1475,34431.0,3584.0,489
1476,33307.0,3717.0,487
1477,33302.0,3729.0,482
1478,33388.0,3717.0,481
1479,33125.0,3716.0,493
1480,33111.0,3707.0,505
1481,34250.0,3598.0,508
1482,32722.0,3756.0,491
1483,32844.0,3731.0,501
1484,32321.0,3760.0,500
1485,32475.0,3770.0,507
1486,32680.0,3761.0,505
1487,34278.0,3587.0,495
1488,31773.0,3792.0,506
1489,35685.0,2955.0,486
1490,31765.0,3803.0,508
1491,35616.0,3068.0,488
1492,31727.0,3813.0,507
1493,35625.0,3081.0,488
1494,34483.0,3593.0,487
1495,32974.0,3745.0,503
1496,32789.0,3757.0,501
1497,33116.0,3794.0,505
1498,34261.0,3622.0,488
1499,34404.0,3598.0,486
1500,33178.0,3719.0,505
1501,34201.0,3640.0,484
1502,33856.0,3656.0,483
1503,32845.0,3745.0,489
1504,33109.0,3703.0,514
1505,33908.0,3640.0,512
1506,34202.0,3610.0,482
1507,32992.0,3735.0,490
1508,32857.0,3731.0,529
1509,34176.0,3594.0,469
1510,32995.0,3740.0,487
1511,34280.0,3596.0,508
1512,34682.0,3499.0,502
1513,33917.0,3636.0,490
1514,34631.0,3221.0,502
1515,34437.0,3288.0,498
1516,34208.0,3314.0,501
1517,33182.0,3451.0,499
1518,32168.0,3529.0,509
1519,32165.0,3533.0,509
1520,33132.0,3453.0,519
1521,33658.0,3407.0,513
1522,32613.0,3506.0,492
1523,33794.0,3399.0,514
1524,33665.0,3401.0,510
1525,33124.0,3458.0,520
1526,32362.0,3542.0,516
1527,33593.0,3448.0,497
1528,33059.0,3498.0,505
1529,33620.0,3460.0,517
1530,34281.0,3363.0,507
1531,34142.0,3361.0,479
1532,33198.0,3478.0,487
1533,32742.0,3529.0,511
1534,33657.0,3444.0,505
1535,33468.0,3452.0,519
1536,34148.0,3371.0,509
1537,34498.0,3308.0,504
1538,34495.0,3301.0,504
1539,32314.0,3643.0,498
1540,32322.0,3648.0,504
1541,32580.0,3645.0,508
1542,34996.0,3242.0,497
1543,34154.0,3474.0,493
1544,32686.0,3627.0,504
1545,32514.0,3651.0,509
1546,34390.0,3445.0,492
1547,34311.0,3449.0,494
1548,33094.0,3603.0,485
1549,32874.0,3622.0,521
1550,33561.0,3563.0,516
1551,33417.0,3567.0,514
1552,33609.0,3546.0,508
1553,33823.0,3552.0,474
1554,32980.0,3616.0,489
1555,32883.0,3609.0,528
1556,34107.0,3502.0,510
1557,33759.0,3552.0,495
1558,32971.0,3620.0,507
1559,32691.0,3620.0,491
1560,32502.0,3631.0,494
1561,32184.0,3664.0,507
1562,33035.0,3629.0,510
1563,35417.0,2996.0,490
1564,33957.0,3523.0,490
1565,32774.0,3646.0,510
1566,34104.0,3516.0,486
1567,33216.0,3609.0,492
1568,33154.0,3610.0,495
1569,33039.0,3631.0,522
1570,34309.0,3487.0,495
1571,34864.0,3319.0,499
1572,34100.0,3502.0,493
1573,33158.0,3616.0,484
1574,32967.0,3642.0,487
1575,32895.0,3636.0,488
1576,34223.0,3488.0,508
1577,33966.0,3542.0,489
1578,33349.0,3608.0,507
1579,32976.0,3634.0,506
1580,34102.0,3509.0,490
1581,32765.0,3650.0,508
1582,32591.0,3668.0,508
1583,33971.0,3545.0,492
1584,32712.0,3657.0,511
1585,32975.0,3628.0,507
1586,32794.0,3798.0,500
1587,32668.0,3824.0,506
1588,33799.0,3739.0,507
1589,33405.0,3761.0,509
1590,33472.0,3757.0,514
1591,34059.0,3699.0,511
1592,34784.0,3584.0,491
1593,34632.0,3604.0,491
1594,34435.0,3643.0,485
1595,32469.0,3823.0,503
1596,32532.0,3836.0,503
1597,34573.0,3620.0,504
1598,33222.0,3589.0,516
1599,34095.0,3499.0,508
1600,34240.0,3478.0,508
1601,34440.0,3419.0,500
1602,33494.0,3571.0,491
1603,32954.0,3615.0,491
1604,32514.0,3654.0,501
1605,35281.0,3054.0,492
1606,32187.0,3659.0,499
1607,33083.0,3613.0,507
1608,34088.0,3502.0,510
1609,34085.0,3484.0,490
1610,34156.0,3435.0,489
1611,32946.0,3587.0,507
1612,34224.0,3429.0,508
1613,34777.0,3257.0,500
1614,32936.0,3581.0,490
1615,32695.0,3612.0,531
1616,34086.0,3462.0,491
1617,32125.0,3632.0,504
1618,35412.0,2884.0,489
1619,33350.0,3560.0,481
1620,30909.0,3897.0,521
1621,33455.0,3744.0,515
1622,33850.0,3704.0,510
1623,34126.0,3680.0,482
1624,33268.0,3777.0,487
1625,33183.0,3767.0,506
1626,33858.0,3710.0,482
1627,33507.0,3751.0,483
1628,33207.0,3783.0,484
1629,33000.0,3786.0,497
1630,35106.0,3400.0,496
1631,34480.0,3616.0,490
1632,34358.0,3643.0,488
1633,34487.0,3624.0,489
1634,33112.0,3779.0,524
1635,34480.0,3644.0,487
1636,35262.0,3387.0,494
1637,34431.0,3645.0,487
1638,33588.0,3744.0,484
1639,33467.0,3769.0,506
1640,35726.0,3101.0,487
1641,34438.0,3640.0,488
1642,34189.0,3671.0,485
1643,32924.0,3805.0,502
1644,31247.0,58.0,504
1645,31242.0,39.0,464
1646,31248.0,41.0,424
1647,31008.0,44.0,452
1648,31009.0,47.0,512
1649,27583.0,1029.0,612
1650,27276.0,1054.0,606
1651,25463.0,1115.0,633
1652,26686.0,1094.0,632
1653,25831.0,1118.0,613
1654,27130.0,1070.0,613
1655,26397.0,1102.0,607
1656,26519.0,1104.0,636
1657,25198.0,1132.0,636
1658,27095.0,1077.0,609
1659,26829.0,1093.0,626
1660,27187.0,1078.0,596
1661,25702.0,1130.0,630
1662,26832.0,1085.0,612
1663,26096.0,1116.0,646
1664,26115.0,1121.0,606
1665,26115.0,1119.0,617
1666,25860.0,1122.0,633
1667,26783.0,1098.0,630
1668,26959.0,1093.0,600
1669,26219.0,1114.0,610
1670,26106.0,1113.0,632
1671,25657.0,1126.0,626
1672,25995.0,1123.0,629
1673,26408.0,1118.0,609
1674,27405.0,1065.0,596
1675,26184.0,1112.0,624
1676,26341.0,1110.0,620
1677,26473.0,1114.0,623
1678,27994.0,984.0,603
1679,26100.0,1119.0,606
1680,26528.0,1109.0,622
1681,27409.0,1076.0,598
1682,26738.0,1103.0,610
1683,26653.0,1103.0,606
1684,27414.0,1071.0,592
1685,26030.0,1128.0,627
1686,26400.0,1116.0,612
1687,27137.0,1082.0,607
1688,27127.0,1081.0,600
1689,26348.0,1123.0,625
1690,27910.0,1009.0,605
1691,26991.0,1092.0,605
1692,30666.0,3874.0,525
1693,34131.0,3674.0,510
1694,33184.0,3778.0,484
1695,33066.0,3771.0,512
1696,33725.0,3726.0,516
1697,33788.0,3715.0,512
1698,34697.0,3587.0,487
1699,34626.0,3581.0,493
1700,33938.0,3690.0,490
1701,33185.0,3770.0,498
1702,32734.0,3806.0,501
1703,35132.0,3467.0,496
1704,33921.0,3688.0,491
1705,32781.0,4034.0,500
1706,33033.0,4021.0,498
1707,34409.0,3889.0,502
1708,33442.0,3989.0,501
1709,34837.0,3818.0,481
1710,32132.0,4050.0,521
1711,36143.0,3207.0,462
1712,35048.0,3784.0,478
1713,34895.0,3796.0,488
1714,34330.0,3895.0,483
1715,32915.0,4020.0,495
1716,33042.0,4013.0,499
1717,34264.0,3891.0,504
1718,33833.0,3931.0,515
1719,34603.0,3844.0,482
1720,33711.0,3963.0,477
1721,33433.0,3971.0,489
1722,34044.0,3916.0,499
1723,33571.0,3967.0,479
1724,33445.0,3980.0,481
1725,33365.0,3973.0,495
1726,34046.0,3908.0,512
1727,34338.0,3891.0,468
1728,33367.0,3993.0,482
1729,33366.0,3975.0,522
1730,34764.0,3827.0,502
1731,34824.0,3818.0,491
1732,34905.0,3808.0,488
1733,35466.0,3622.0,492
1734,34677.0,3830.0,484
1735,33758.0,3949.0,476
1736,33507.0,3996.0,480
1737,33644.0,3956.0,491
1738,33982.0,3930.0,513
1739,34387.0,3882.0,507
1740,35257.0,3714.0,494
1741,34680.0,3821.0,488
1742,34661.0,3815.0,484
1743,33442.0,3976.0,521
1744,33295.0,3975.0,503
1745,34525.0,3855.0,485
1746,35262.0,3684.0,495
1747,34764.0,3808.0,485
1748,34530.0,3856.0,477
1749,33906.0,3943.0,510
1750,34270.0,3920.0,509
1751,34041.0,3913.0,512
1752,34388.0,3877.0,506
1753,34488.0,3876.0,466
1754,33500.0,3978.0,480
1755,33508.0,3968.0,494
1756,34265.0,3910.0,509
1757,34324.0,3895.0,508
1758,34674.0,3849.0,463
1759,33366.0,3976.0,522
1760,34529.0,3847.0,485
1761,33102.0,3678.0,508
1762,34102.0,3593.0,482
1763,33236.0,3688.0,485
1764,33108.0,3683.0,496
1765,33168.0,3677.0,495
1766,32576.0,3730.0,506
1767,32669.0,3730.0,507
1768,32912.0,3700.0,490
1769,33043.0,3692.0,492
1770,32967.0,3701.0,511
1771,31724.0,3776.0,508
1772,32204.0,3754.0,519
1773,34604.0,3518.0,483
1774,34610.0,3504.0,498
1775,32849.0,3711.0,503
1776,32841.0,3717.0,504
1777,35443.0,3178.0,491
1778,34401.0,3545.0,490
1779,33175.0,3690.0,484
1780,32913.0,3717.0,507
1781,34623.0,3519.0,489
1782,33517.0,3655.0,498
1783,32255.0,3739.0,503
1784,32649.0,3728.0,503
1785,32791.0,3726.0,505
1786,34954.0,3421.0,498
1787,33714.0,3629.0,491
1788,32702.0,3726.0,510
1789,34631.0,3526.0,488
1790,33183.0,3680.0,524
1791,33639.0,3640.0,513
1792,33445.0,3669.0,484
1793,33255.0,3694.0,483
1794,33249.0,3681.0,490
1795,34100.0,3587.0,510
1796,32905.0,3710.0,488
1797,32648.0,3731.0,499
1798,35405.0,3111.0,491
1799,32205.0,3755.0,505
1800,33180.0,3673.0,504
1801,33289.0,3680.0,502
1802,33915.0,3629.0,513
1803,34538.0,3533.0,464
1804,33030.0,3690.0,486
1805,34370.0,3533.0,506
1806,34978.0,3426.0,498
1807,34618.0,3520.0,488
1808,33028.0,3687.0,486
1809,34394.0,3537.0,506
1810,34548.0,3522.0,504
1811,32512.0,3725.0,494
1812,32770.0,3702.0,500
1813,32386.0,3727.0,502
1814,32405.0,3746.0,508
1815,34609.0,3498.0,503
1816,34542.0,3505.0,501
1817,33851.0,3632.0,477
1818,33113.0,3706.0,485
1819,33053.0,3703.0,495
1820,33170.0,3675.0,495
1821,32014.0,3790.0,505
1822,32840.0,3752.0,506
1823,34485.0,3581.0,487
1824,33036.0,3729.0,526
1825,34265.0,3618.0,468
1826,33113.0,3738.0,485
1827,33038.0,3734.0,526
1828,34556.0,3559.0,504
1829,34969.0,3456.0,478
1830,32905.0,3744.0,508
1831,33006.0,3550.0,506
1832,32948.0,3547.0,493
1833,32947.0,3542.0,498
1834,32621.0,3572.0,507
1835,32558.0,3584.0,508
1836,34702.0,3283.0,501
1837,33882.0,3448.0,492
1838,32618.0,3571.0,511
1839,32681.0,3569.0,509
1840,34155.0,3414.0,492
1841,33386.0,3505.0,491
1842,32678.0,3568.0,500
1843,32183.0,3610.0,511
1844,34428.0,3367.0,505
1845,33794.0,3460.0,491
1846,32673.0,3577.0,510
1847,32502.0,3588.0,510
1848,34774.0,3267.0,500
1849,33604.0,3482.0,493
1850,32169.0,3597.0,509
1851,32559.0,3581.0,510
1852,34376.0,3401.0,496
1853,33675.0,3489.0,491
1854,33122.0,3545.0,484
1855,33016.0,3550.0,487
1856,33748.0,3449.0,505
1857,34236.0,3464.0,488
1858,34138.0,3392.0,489
1859,33308.0,3495.0,501
1860,34079.0,3410.0,490
1861,34350.0,3356.0,486
1862,34087.0,3399.0,498
1863,31429.0,3613.0,511
1864,35195.0,2934.0,492
1865,34296.0,3369.0,495
1866,32827.0,3548.0,509
1867,35311.0,2840.0,490
1868,33654.0,3432.0,476
1869,32932.0,3493.0,491
1870,32919.0,3472.0,508
1871,33790.0,3397.0,493
1872,32540.0,3530.0,516
1873,32939.0,3498.0,515
1874,33061.0,3473.0,516
1875,33460.0,3440.0,514
1876,32488.0,3532.0,515
1877,33284.0,3469.0,514
1878,33064.0,3476.0,517
1879,33650.0,3417.0,507
1880,33855.0,3379.0,493
1881,33533.0,3427.0,490
1882,33130.0,3474.0,489
1883,33328.0,3444.0,490
1884,33204.0,3460.0,491
1885,32797.0,3497.0,491
1886,34003.0,3367.0,511
1887,32807.0,3488.0,509
1888,33782.0,3379.0,494
1889,33064.0,3478.0,505
1890,32312.0,3536.0,502
1891,33259.0,3740.0,502
1892,33788.0,3687.0,503
1893,33859.0,3700.0,514
1894,35065.0,3493.0,497
1895,34629.0,3581.0,490
1896,34550.0,3588.0,485
1897,31976.0,3832.0,508
1898,35525.0,3240.0,490
1899,34489.0,3586.0,492
1900,33561.0,3713.0,484
1901,33448.0,3729.0,482
1902,33324.0,3750.0,482
1903,34241.0,3518.0,490
1904,33408.0,3619.0,485
1905,33040.0,3660.0,486
1906,32903.0,3677.0,505
1907,34177.0,3523.0,491
1908,32893.0,3659.0,510
1909,33979.0,3567.0,481
1910,32976.0,3665.0,490
1911,32897.0,3656.0,508
1912,33083.0,3644.0,512
1913,32769.0,3682.0,490
1914,32980.0,3670.0,487
1915,33017.0,3652.0,499
1916,35392.0,3091.0,491
1917,33767.0,3595.0,481
1918,33017.0,3651.0,491
1919,34043.0,3544.0,511
1920,33826.0,3575.0,514
1921,34093.0,3543.0,491
1922,34534.0,3478.0,490
1923,32961.0,3666.0,507
1924,34324.0,3512.0,487
1925,32887.0,3649.0,508
1926,32618.0,3673.0,504
1927,32457.0,3718.0,506
1928,34118.0,3574.0,504
1929,33548.0,3623.0,511
1930,33965.0,3586.0,512
1931,34190.0,3562.0,488
1932,34591.0,3485.0,490
1933,33825.0,3593.0,493
1934,32574.0,3701.0,506
1935,32705.0,3700.0,506
1936,35272.0,3204.0,493
1937,34185.0,3554.0,489
1938,34318.0,3531.0,487
1939,32980.0,3678.0,504
1940,34189.0,3552.0,485
1941,34039.0,3561.0,485
1942,32777.0,3694.0,490
1943,34100.0,3554.0,510
1944,32911.0,3681.0,488
1945,32903.0,3671.0,488
1946,32566.0,3688.0,493
1947,32185.0,3726.0,508
1948,32586.0,3708.0,505
1949,32017.0,3722.0,502
1950,32835.0,3689.0,509
1951,32441.0,3707.0,515
1952,32645.0,3707.0,505
1953,34672.0,3464.0,502
1954,34540.0,3508.0,491
1955,33553.0,3628.0,493
1956,32956.0,3687.0,487
1957,34330.0,3543.0,507
1958,33849.0,3603.0,514
1959,33554.0,3630.0,517
1960,34048.0,3594.0,511
1961,34820.0,3450.0,493
1962,34325.0,3528.0,493
1963,32975.0,3678.0,487
1964,32969.0,3681.0,487
1965,32972.0,3695.0,487
1966,33233.0,3673.0,483
1967,32976.0,3679.0,496
1968,33430.0,3639.0,513
1969,34262.0,3545.0,501
1970,34188.0,3577.0,509
1971,34269.0,3536.0,468
1972,33095.0,3667.0,498
1973,32503.0,3713.0,503
1974,32797.0,3711.0,506
1975,34546.0,3504.0,493
1976,34250.0,3541.0,486
1977,32337.0,3720.0,508
1978,32584.0,3716.0,507
1979,32784.0,3686.0,495
1980,32897.0,3674.0,499
1981,32308.0,3717.0,502
1982,33297.0,3645.0,502
1983,34253.0,3540.0,488
1984,32826.0,3698.0,509
1985,33038.0,3688.0,526
1986,34117.0,3569.0,510
1987,33900.0,3591.0,513
1988,34101.0,3572.0,485
1989,31787.0,3754.0,507
1990,34261.0,3532.0,468
1991,33158.0,3659.0,486
1992,32755.0,3692.0,498
1993,32636.0,3705.0,501
1994,33288.0,3643.0,511
1995,33965.0,3573.0,505
1996,34253.0,3545.0,468
1997,32897.0,3682.0,488
1998,33296.0,3650.0,494
1999,32380.0,3712.0,506
2000,32343.0,3519.0,509
2001,35041.0,3006.0,495
2002,34126.0,3331.0,496
2003,33122.0,3459.0,492
2004,32736.0,3499.0,490
2005,34204.0,3328.0,508
2006,34266.0,3300.0,507
2007,33255.0,3448.0,490
2008,33125.0,3468.0,524
2009,34077.0,3354.0,497
2010,34340.0,3285.0,502
2011,33389.0,3438.0,486
2012,33186.0,3461.0,487
2013,32798.0,3490.0,529
2014,33985.0,3353.0,476
2015,32997.0,3473.0,489
2016,32928.0,3485.0,487
2017,32806.0,3492.0,489
2018,32788.0,3481.0,505
2019,34398.0,3267.0,505
2020,33997.0,3370.0,491
2021,32548.0,3511.0,508
2022,34124.0,3333.0,509
2023,33450.0,3429.0,491
2024,32955.0,3593.0,487
2025,32649.0,3611.0,504
2026,35030.0,3157.0,496
2027,33220.0,3561.0,490
2028,33192.0,3565.0,483
2029,32827.0,3600.0,491
2030,33014.0,3571.0,498
2031,32552.0,3609.0,504
2032,33145.0,3575.0,508
2033,35221.0,3060.0,493
2034,34036.0,3466.0,491
2035,34012.0,3469.0,488
2036,33132.0,3438.0,524
2037,34113.0,3305.0,508
2038,33918.0,3328.0,496
2039,32033.0,3501.0,510
2040,32983.0,3447.0,513
2041,34524.0,3200.0,503
2042,33916.0,3329.0,496
2043,32527.0,3470.0,500
2044,32415.0,3490.0,511
2045,34997.0,2957.0,495
2046,33993.0,3317.0,496
2047,32479.0,3476.0,516
2048,33981.0,3335.0,492
2049,32599.0,3477.0,512
2050,32798.0,3449.0,512
2051,33376.0,3401.0,511
2052,32462.0,3478.0,503
2053,35011.0,2946.0,495
2054,32843.0,3447.0,499
2055,32985.0,3434.0,506
2056,33121.0,3431.0,504
2057,33794.0,3365.0,489
2058,32863.0,3458.0,493
2059,32737.0,3444.0,524
2060,33513.0,3372.0,513
2061,33995.0,3308.0,511
2062,33915.0,3316.0,497
2063,32463.0,3462.0,494
2064,32978.0,3431.0,513
2065,34445.0,3182.0,504
2066,33718.0,3352.0,495
2067,32413.0,3466.0,509
2068,32967.0,3427.0,510
2069,33995.0,3312.0,496
2070,34130.0,3277.0,500
2071,32913.0,3434.0,503
2072,33252.0,3424.0,522
2073,33775.0,3362.0,514
2074,34129.0,3306.0,509
2075,33724.0,3353.0,506
2076,33387.0,3400.0,500
2077,32093.0,3507.0,514
2078,34664.0,3164.0,501
2079,33565.0,3385.0,493
2080,32836.0,3454.0,503
2081,32354.0,3492.0,506
2082,32353.0,3486.0,504
2083,33508.0,3387.0,518
2084,33518.0,3399.0,518
2085,32224.0,3529.0,498
2086,32222.0,3524.0,498
2087,33806.0,3391.0,494
2088,33000.0,3482.0,506
2089,32789.0,3478.0,498
2090,32549.0,3498.0,504
2091,32854.0,3484.0,508
2092,32227.0,3531.0,511
2093,33985.0,3347.0,478
2094,32841.0,3475.0,498
2095,32714.0,3486.0,502
2096,32354.0,3519.0,509
2097,33213.0,3491.0,523
2098,33319.0,3472.0,518
2099,33523.0,3458.0,518
2100,33925.0,3412.0,489
2101,32346.0,3543.0,496
2102,32932.0,3506.0,504
2103,33194.0,3492.0,514
2104,33930.0,3411.0,494
2105,32348.0,3542.0,504
2106,32478.0,3536.0,506
2107,32364.0,3552.0,510
2108,32682.0,3538.0,511
2109,35259.0,2866.0,491
2110,33582.0,3442.0,493
2111,32354.0,3550.0,503
2112,32413.0,3550.0,505
2113,34141.0,3367.0,509
2114,33339.0,3473.0,495
2115,33175.0,3491.0,523
2116,34138.0,3375.0,507
2117,34350.0,3325.0,501
2118,34004.0,3386.0,497
2119,33609.0,3454.0,484
2120,33009.0,3515.0,486
2121,32489.0,3542.0,516
2122,32863.0,3500.0,515
2123,33652.0,3430.0,516
2124,32347.0,3550.0,496
2125,33735.0,3413.0,515
2126,33737.0,3413.0,513
2127,32165.0,3558.0,508
2128,32885.0,3518.0,512
2129,32596.0,3531.0,512
2130,33988.0,3379.0,491
2131,32859.0,3496.0,508
2132,33525.0,3450.0,498
2133,33315.0,3667.0,502
2134,33106.0,3684.0,486
2135,33103.0,3668.0,501
2136,32388.0,3724.0,506
2137,32975.0,3696.0,508
2138,35454.0,3077.0,490
2139,34112.0,3567.0,490
2140,31642.0,3753.0,509
2141,32843.0,3707.0,508
2142,34268.0,3556.0,489
2143,32329.0,3723.0,502
2144,33346.0,3649.0,501
2145,32132.0,3748.0,508
2146,35333.0,3142.0,492
2147,33627.0,3617.0,494
2148,32446.0,3718.0,506
2149,32722.0,3719.0,510
2150,34106.0,3573.0,488
2151,31590.0,3757.0,509
2152,33154.0,3671.0,514
2153,33840.0,3611.0,514
2154,34330.0,3545.0,502
2155,33094.0,3671.0,491
2156,33229.0,3665.0,497
2157,32448.0,3728.0,505
2158,33898.0,3600.0,500
2159,33908.0,3593.0,495
2160,32962.0,3685.0,507
2161,34442.0,3507.0,485
2162,34822.0,3415.0,500
2163,33764.0,3604.0,492
2164,32772.0,3699.0,507
2165,32507.0,3721.0,507
2166,33851.0,3600.0,514
2167,33976.0,3582.0,509
2168,33831.0,3605.0,514
2169,33977.0,3594.0,485
2170,32711.0,3697.0,531
2171,34236.0,3538.0,508
2172,34098.0,3565.0,496
2173,34603.0,3484.0,499
2174,34749.0,3427.0,501
2175,33570.0,3627.0,490
2176,33553.0,3629.0,478
2177,33041.0,3688.0,486
2178,32829.0,3684.0,516
2179,33298.0,3648.0,515
2180,33593.0,3492.0,477
2181,32757.0,3575.0,490
2182,32749.0,3570.0,530
2183,34014.0,3442.0,471
2184,33079.0,3546.0,486
2185,33076.0,3546.0,487
2186,32562.0,3575.0,493
2187,32877.0,3549.0,506
2188,35453.0,2801.0,488
2189,31507.0,3639.0,511
2190,33600.0,3485.0,502
2191,33542.0,3490.0,518
2192,34006.0,3447.0,493
2193,35054.0,3081.0,495
2194,33681.0,3504.0,496
2195,33273.0,3528.0,502
2196,33462.0,3499.0,499
2197,33805.0,3457.0,494
2198,33675.0,3500.0,496
2199,32816.0,3582.0,509
2200,32869.0,3555.0,508
2201,32732.0,3560.0,505
2202,32731.0,3574.0,509
2203,32798.0,3571.0,513
2204,35320.0,2850.0,490
2205,33057.0,3538.0,506
2206,34085.0,3446.0,486
2207,33144.0,3542.0,488
2208,32893.0,3554.0,503
2209,33467.0,3504.0,511
2210,33527.0,3499.0,518
2211,34365.0,3376.0,506
2212,34365.0,3362.0,506
2213,33878.0,3449.0,498
2214,33782.0,3470.0,491
2215,31825.0,3632.0,512
2216,33729.0,3481.0,515
2217,33530.0,3433.0,489
2218,33590.0,3435.0,486
2219,32866.0,3508.0,488
2220,32670.0,3506.0,505
2221,32864.0,3496.0,517
2222,33531.0,3444.0,478
2223,32674.0,3519.0,491
2224,32604.0,3512.0,510
2225,33047.0,3474.0,516
2226,32157.0,3547.0,512
2227,32426.0,3533.0,511
2228,33937.0,3372.0,495
2229,33113.0,3464.0,504
2230,33655.0,3416.0,496
2231,32606.0,3520.0,512
2232,32619.0,3510.0,512
2233,33863.0,3392.0,490
2234,34128.0,3347.0,494
2235,33385.0,3443.0,494
2236,32934.0,3488.0,493
2237,32744.0,3511.0,490
2238,35194.0,2875.0,492
2239,31365.0,3576.0,512
2240,32779.0,3494.0,513
2241,33990.0,3373.0,491
2242,34121.0,3346.0,494
2243,33663.0,3413.0,494
2244,31242.0,3576.0,514
2245,35081.0,2959.0,494
2246,34132.0,3343.0,495
2247,33921.0,3371.0,495
2248,32218.0,3532.0,500
2249,32284.0,3540.0,512
2250,33865.0,3377.0,513
2251,33267.0,3429.0,517
2252,33919.0,3366.0,512
2253,32550.0,3498.0,493
2254,32868.0,3483.0,508
2255,32540.0,3487.0,507
2256,32601.0,3487.0,509
2257,32171.0,3519.0,511
2258,32599.0,3497.0,509
2259,34067.0,3321.0,500
2260,33226.0,3433.0,495
2261,32660.0,3502.0,531
2262,34208.0,3318.0,508
2263,33647.0,3269.0,513
2264,33562.0,3275.0,497
2265,32840.0,3354.0,508
2266,33939.0,3209.0,511
2267,33678.0,3251.0,505
2268,33231.0,3322.0,497
2269,32465.0,3396.0,494
2270,32529.0,3384.0,501
2271,32008.0,3403.0,508
2272,32329.0,3395.0,512
2273,32145.0,3417.0,515
2274,33758.0,3254.0,489
2275,32646.0,3368.0,498
2276,32886.0,3345.0,527
2277,33504.0,3304.0,489
2278,32513.0,3383.0,499
2279,32496.0,3372.0,513
2280,35002.0,2703.0,493
2281,33832.0,3245.0,493
2282,32513.0,3380.0,513
2283,32567.0,3370.0,514
2284,32499.0,3379.0,494
2285,32488.0,3674.0,507
2286,33890.0,3546.0,500
2287,33693.0,3571.0,516
2288,33554.0,3585.0,515
2289,33952.0,3548.0,486
2290,32124.0,3691.0,500
2291,32568.0,3664.0,505
2292,35317.0,3009.0,491
2293,33155.0,3631.0,504
2294,33015.0,3640.0,506
2295,32825.0,3648.0,509
2296,34101.0,3503.0,470
2297,32951.0,3642.0,487
2298,32000.0,3707.0,506
2299,35175.0,3127.0,494
2300,31335.0,3721.0,513
2301,33015.0,3632.0,512
2302,34517.0,3425.0,504
2303,34428.0,3436.0,503
2304,33686.0,3578.0,489
2305,34006.0,3534.0,487
2306,32138.0,3707.0,509
2307,34157.0,3494.0,509
2308,33822.0,3537.0,504
2309,32114.0,3686.0,507
2310,32321.0,3683.0,509
2311,34967.0,3169.0,497
2312,33883.0,3522.0,494
2313,33281.0,3601.0,492
2314,33763.0,3558.0,515
2315,33358.0,3589.0,516
2316,33276.0,3594.0,518
2317,33632.0,3569.0,517
2318,34306.0,3459.0,495
2319,34303.0,3446.0,500
2320,34246.0,3543.0,490
2321,34243.0,3550.0,485
2322,34602.0,3466.0,483
2323,33770.0,3613.0,495
2324,32960.0,3687.0,507
2325,33024.0,3673.0,506
2326,32892.0,3689.0,506
2327,32266.0,3730.0,505
2328,32512.0,3705.0,503
2329,32831.0,3684.0,507
2330,32559.0,3713.0,506
2331,32455.0,3731.0,511
2332,34375.0,3487.0,506
2333,33555.0,3623.0,493
2334,32840.0,3699.0,489
2335,32783.0,3704.0,504
2336,34526.0,3446.0,504
2337,33290.0,3646.0,495
2338,32081.0,3743.0,511
2339,32579.0,3714.0,510
2340,34109.0,3537.0,470
2341,32837.0,3686.0,489
2342,32827.0,3698.0,489
2343,33900.0,3237.0,512
2344,34104.0,3180.0,506
2345,33172.0,3308.0,500
2346,32128.0,3395.0,514
2347,32402.0,3394.0,521
2348,33428.0,3276.0,498
2349,33695.0,3250.0,495
2350,32387.0,3380.0,515
2351,33677.0,3243.0,495
2352,34038.0,3195.0,490
2353,33697.0,3242.0,499
2354,32263.0,3392.0,516
2355,32510.0,3391.0,516
2356,34841.0,2817.0,496
2357,31117.0,3449.0,516
2358,32639.0,3363.0,519
2359,33754.0,3253.0,496
2360,34130.0,3163.0,508
2361,33424.0,3283.0,501
2362,32582.0,3376.0,492
2363,32508.0,3391.0,493
2364,32465.0,3392.0,494
2365,32467.0,3384.0,503
2366,32643.0,3367.0,522
2367,33295.0,3316.0,490
2368,32406.0,3396.0,501
2369,33300.0,3306.0,521
2370,33356.0,3307.0,520
2371,31173.0,3464.0,520
2372,33744.0,3247.0,514
2373,33699.0,3248.0,475
2374,32575.0,3372.0,494
2375,32454.0,3392.0,494
2376,32028.0,3419.0,508
2377,32074.0,3408.0,510
2378,32346.0,3439.0,529
2379,33901.0,3286.0,500
2380,32091.0,3449.0,501
2381,32594.0,3426.0,512
2382,33572.0,3330.0,497
2383,32529.0,3444.0,513
2384,32468.0,3440.0,503
2385,33162.0,3365.0,523
2386,33415.0,3347.0,519
2387,33498.0,3345.0,493
2388,32149.0,3444.0,499
2389,32267.0,3426.0,497
2390,33751.0,3296.0,514
2391,33755.0,3303.0,474
2392,32342.0,3433.0,496
2393,33298.0,3337.0,521
2394,33169.0,3370.0,523
2395,33510.0,3330.0,487
2396,32651.0,3416.0,494
2397,34824.0,2895.0,497
2398,33559.0,3312.0,493
2399,33966.0,3267.0,493
2400,32528.0,3401.0,513
2401,32516.0,3401.0,514
2402,32834.0,3374.0,493
2403,32761.0,3389.0,489
2404,32398.0,3416.0,497
2405,32387.0,3408.0,514
2406,34956.0,2716.0,494
2407,33844.0,3258.0,496
2408,32509.0,3398.0,493
2409,32332.0,3409.0,516
2410,34025.0,3207.0,510
2411,33833.0,3256.0,501
2412,32751.0,3546.0,510
2413,33778.0,3417.0,494
2414,32857.0,3535.0,488
2415,33199.0,3512.0,523
2416,33935.0,3419.0,505
2417,34064.0,3367.0,510
2418,33539.0,3478.0,490
2419,31438.0,3631.0,517
2420,33413.0,3475.0,512
2421,33719.0,3422.0,492
2422,32545.0,3298.0,526
2423,33479.0,3209.0,482
2424,32250.0,3309.0,514
2425,32572.0,3286.0,521
2426,33086.0,3253.0,524
2427,33774.0,3149.0,505
2428,33977.0,3096.0,510
2429,32681.0,3275.0,503
2430,32561.0,3297.0,519
2431,33262.0,3229.0,521
2432,33278.0,3224.0,520
2433,33533.0,3188.0,477
2434,32537.0,3295.0,492
2435,31943.0,3395.0,511
2436,34322.0,3084.0,505
2437,33480.0,3275.0,494
2438,33683.0,3235.0,493
2439,32502.0,3365.0,515
2440,35008.0,2698.0,493
2441,33085.0,3300.0,501
2442,32000.0,3386.0,511
2443,33881.0,3199.0,492
2444,34138.0,3144.0,488
2445,33471.0,3268.0,496
2446,33358.0,3275.0,493
2447,32064.0,3385.0,512
2448,31890.0,3404.0,515
2449,32770.0,3339.0,519
2450,32628.0,3337.0,520
2451,33475.0,3281.0,478
2452,32457.0,3368.0,500
2453,32428.0,3348.0,510
2454,32495.0,3354.0,512
2455,32202.0,3389.0,517
2456,33560.0,3278.0,487
2457,32390.0,3367.0,500
2458,33331.0,3182.0,495
2459,32736.0,3255.0,489
2460,32434.0,3277.0,496
2461,32359.0,3271.0,511
2462,32236.0,3282.0,517
2463,32100.0,3296.0,517
2464,33464.0,3173.0,503
2465,34609.0,2770.0,499
2466,33766.0,3114.0,502
2467,33641.0,3138.0,500
2468,32545.0,3254.0,523
2469,33453.0,3170.0,514
2470,33520.0,3161.0,517
2471,33587.0,3137.0,476
2472,32484.0,3268.0,513
2473,32373.0,3278.0,515
2474,32923.0,3220.0,496
2475,32564.0,3259.0,495
2476,32297.0,3282.0,509
2477,31165.0,3331.0,515
2478,32486.0,3255.0,522
2479,33074.0,3217.0,496
2480,33641.0,3136.0,497
2481,32244.0,3275.0,537
2482,33057.0,3194.0,523
2483,32998.0,3206.0,485
2484,32190.0,3287.0,498
2485,32106.0,3273.0,516
2486,32612.0,3238.0,516
2487,33080.0,3209.0,491
2488,32185.0,3279.0,502
2489,32107.0,3275.0,525
2490,33075.0,3196.0,521
2491,32424.0,3264.0,495
2492,32253.0,3283.0,497
2493,32168.0,3266.0,515
2494,33336.0,3279.0,520
2495,31038.0,3442.0,521
2496,33092.0,3321.0,517
2497,32831.0,3333.0,516
2498,33022.0,3316.0,517
2499,33292.0,3294.0,521
2500,33964.0,3197.0,498
2501,32377.0,3357.0,495
2502,32384.0,3362.0,507
2503,31763.0,3406.0,514
2504,32131.0,3393.0,515
2505,34027.0,3166.0,507
2506,32952.0,3323.0,498
2507,33467.0,3196.0,498
2508,32687.0,3286.0,510
2509,32510.0,3307.0,513
2510,32386.0,3318.0,495
2511,32178.0,3321.0,528
2512,32991.0,3252.0,517
2513,33604.0,3198.0,476
2514,32314.0,3326.0,496
2515,32370.0,3303.0,515
2516,34853.0,2684.0,495
2517,33673.0,3183.0,493
2518,32319.0,3320.0,510
2519,33470.0,3200.0,518
2520,33274.0,3232.0,521
2521,32813.0,3283.0,488
2522,32191.0,3327.0,500
2523,33332.0,3219.0,520
2524,33330.0,3219.0,513
2525,33470.0,3213.0,518
2526,31222.0,3380.0,518
2527,32863.0,3266.0,524
2528,33333.0,3219.0,480
2529,32061.0,3326.0,500
2530,34780.0,2689.0,496
2531,31098.0,3349.0,516
2532,34728.0,2733.0,497
2533,33605.0,3175.0,496
2534,33665.0,3158.0,499
2535,32111.0,3304.0,499
2536,32211.0,3303.0,514
2537,32738.0,3261.0,509
2538,33395.0,3200.0,499
2539,33810.0,3143.0,498
2540,32309.0,3293.0,515
2541,32607.0,3270.0,522
2542,33330.0,3207.0,501
2543,33847.0,3128.0,502
2544,33799.0,3129.0,504
2545,32489.0,3281.0,504
2546,32371.0,3298.0,523
2547,33530.0,3188.0,498
2548,32179.0,3297.0,512
2549,31989.0,3310.0,513
2550,32047.0,3322.0,517
2551,31999.0,3324.0,516
2552,33583.0,3161.0,476
2553,32179.0,3303.0,498
2554,32433.0,3317.0,524
2555,33334.0,3251.0,488
2556,32380.0,3340.0,496
2557,32313.0,3333.0,513
2558,32870.0,3293.0,527
2559,33400.0,3241.0,519
2560,33335.0,3250.0,499
2561,33730.0,3186.0,499
2562,31103.0,3391.0,516
2563,34752.0,2786.0,497
2564,33163.0,3282.0,490
2565,32306.0,3329.0,509
2566,32603.0,3220.0,511
2567,31986.0,3254.0,521
2568,33925.0,3012.0,490
2569,33235.0,3156.0,498
2570,31317.0,3296.0,516
2571,34514.0,2739.0,500
2572,33304.0,3142.0,496
2573,33033.0,3176.0,497
2574,31993.0,3267.0,515
2575,32223.0,3245.0,509
2576,32594.0,3211.0,527
2577,33056.0,3182.0,490
2578,32240.0,3257.0,497
2579,32236.0,3239.0,516
2580,34677.0,2627.0,497
2581,33431.0,3132.0,495
2582,32664.0,3220.0,496
2583,32297.0,3236.0,528
2584,32723.0,3205.0,525
2585,32924.0,3192.0,496
2586,32056.0,3268.0,516
2587,33437.0,3120.0,502
2588,31726.0,3271.0,507
2589,32281.0,3248.0,518
2590,34402.0,2823.0,502
2591,33493.0,3108.0,503
2592,32419.0,3229.0,504
2593,32302.0,3250.0,496
2594,32163.0,3260.0,509
2595,32101.0,3242.0,519
2596,33304.0,3142.0,500
2597,32297.0,3246.0,501
2598,32226.0,3244.0,507
2599,34545.0,2854.0,500
2600,33081.0,3270.0,490
2601,32325.0,3337.0,496
2602,32252.0,3332.0,510
2603,32122.0,3331.0,515
2604,32503.0,3324.0,519
2605,33794.0,3167.0,513
2606,32311.0,3317.0,532
2607,33451.0,3211.0,478
2608,32322.0,3340.0,496
2609,32318.0,3336.0,505
2610,32958.0,3269.0,526
2611,33326.0,3225.0,508
2612,33832.0,3306.0,490
2613,31367.0,3498.0,513
2614,32572.0,3416.0,515
2615,32662.0,3418.0,491
2616,32703.0,3425.0,490
2617,32641.0,3423.0,498
2618,32374.0,3417.0,495
2619,31711.0,3469.0,512
2620,32198.0,3450.0,515
2621,34471.0,3093.0,503
2622,33820.0,3274.0,503
2623,33088.0,3370.0,500
2624,31835.0,3472.0,516
2625,32592.0,3415.0,512
2626,31114.0,3500.0,536
2627,33974.0,3262.0,499
2628,31181.0,3485.0,515
2629,32640.0,3420.0,518
2630,33635.0,3323.0,496
2631,32333.0,3445.0,516
2632,32332.0,3439.0,513
2633,32277.0,3441.0,502
2634,32566.0,3422.0,510
2635,32119.0,3455.0,513
2636,32211.0,3457.0,513
2637,32188.0,3443.0,505
2638,32909.0,3397.0,509
2639,33702.0,3315.0,494
2640,33852.0,3290.0,496
2641,32636.0,3413.0,519
2642,32971.0,3392.0,522
2643,33560.0,3336.0,493
2644,31351.0,3500.0,514
2645,32091.0,3466.0,513
2646,32206.0,3441.0,505
2647,32515.0,3424.0,508
2648,31814.0,3747.0,509
2649,32441.0,3719.0,506
2650,33286.0,3648.0,520
2651,33754.0,3598.0,510
2652,33829.0,3598.0,487
2653,32456.0,3720.0,505
2654,33497.0,3625.0,516
2655,33150.0,3654.0,519
2656,34017.0,3562.0,496
2657,34109.0,3544.0,490
2658,32755.0,3682.0,510
2659,32141.0,3730.0,520
2660,32396.0,3412.0,495
2661,32336.0,3405.0,513
2662,32506.0,3392.0,512
2663,31887.0,3441.0,516
2664,34564.0,2978.0,501
2665,33563.0,3279.0,500
2666,31419.0,3455.0,511
2667,32087.0,3422.0,514
2668,34634.0,2950.0,500
2669,33427.0,3305.0,496
2670,33608.0,3271.0,496
2671,32320.0,3416.0,520
2672,33303.0,3330.0,521
2673,33037.0,3353.0,524
2674,33302.0,3326.0,521
2675,33567.0,3301.0,491
2676,32335.0,3419.0,507
2677,33036.0,3349.0,525
2678,33351.0,3319.0,514
2679,33637.0,3296.0,516
2680,32154.0,3432.0,499
2681,34841.0,2815.0,496
2682,33633.0,3289.0,491
2683,33437.0,3326.0,489
2684,31163.0,3404.0,535
2685,32316.0,3343.0,516
2686,32893.0,3296.0,507
2687,31576.0,3383.0,528
2688,34627.0,2829.0,499
2689,33801.0,3159.0,506
2690,33209.0,3260.0,498
2691,31146.0,3400.0,522
2692,33986.0,3116.0,510
2693,33681.0,3204.0,496
2694,32293.0,3333.0,515
2695,34841.0,2678.0,495
2696,33876.0,3158.0,500
2697,32314.0,3333.0,536
2698,33205.0,3249.0,522
2699,32937.0,3285.0,526
2700,33472.0,3230.0,493
2701,32559.0,3310.0,498
2702,32492.0,3309.0,503
2703,31822.0,3363.0,517
2704,31867.0,3362.0,516
2705,34090.0,3051.0,508
2706,33409.0,3232.0,500
2707,32066.0,3347.0,520
2708,33333.0,3186.0,507
2709,32860.0,3231.0,527
2710,33076.0,3208.0,524
2711,33062.0,3211.0,520
2712,31987.0,3313.0,501
2713,31812.0,3311.0,504
2714,33019.0,3218.0,516
2715,31853.0,3304.0,523
2716,31859.0,3307.0,523
2717,32107.0,3293.0,519
2718,33199.0,3194.0,500
2719,32775.0,3164.0,508
2720,31543.0,3259.0,521
2721,31809.0,3256.0,522
2722,33026.0,3142.0,502
2723,32287.0,3209.0,509
2724,31406.0,3268.0,521
2725,31841.0,3247.0,518
2726,33540.0,3065.0,516
2727,33045.0,3142.0,504
2728,32146.0,3225.0,538
2729,33368.0,3109.0,503
2730,31987.0,3236.0,504
2731,32669.0,3199.0,529
2732,33230.0,3151.0,521
2733,31929.0,3267.0,502
2734,31912.0,3257.0,506
2735,33313.0,3134.0,520
2736,33295.0,3142.0,520
2737,32115.0,3257.0,499
2738,32166.0,3244.0,511
2739,32731.0,3199.0,529
2740,33290.0,3138.0,480
2741,32049.0,3262.0,500
2742,33311.0,3139.0,520
2743,32917.0,3176.0,519
2744,32485.0,3235.0,494
2745,32801.0,3206.0,528
2746,30959.0,3310.0,538
2747,32285.0,3237.0,516
2748,32988.0,3176.0,525
2749,32681.0,3229.0,490
2750,32238.0,3253.0,498
2751,32171.0,3240.0,538
2752,33353.0,3119.0,519
2753,31787.0,3274.0,515
2754,31624.0,3393.0,512
2755,32255.0,3358.0,516
2756,32689.0,3330.0,529
2757,33673.0,3234.0,496
2758,32316.0,3361.0,516
2759,33421.0,3259.0,495
2760,33006.0,3288.0,508
2761,33417.0,3270.0,490
2762,32511.0,3346.0,497
2763,32123.0,3355.0,531
2764,33683.0,3225.0,475
2765,32612.0,3341.0,491
2766,33023.0,3308.0,525
2767,33557.0,3229.0,517
2768,33078.0,3286.0,524
2769,33201.0,3279.0,484
2770,32259.0,3366.0,497
2771,32196.0,3355.0,538
2772,33330.0,3251.0,480
2773,32433.0,3347.0,494
2774,32821.0,3325.0,524
2775,33694.0,3202.0,515
2776,32249.0,3349.0,498
2777,32172.0,3363.0,516
2778,32363.0,3375.0,515
2779,32090.0,3233.0,519
2780,31923.0,3252.0,522
2781,34046.0,2966.0,488
2782,33348.0,3117.0,501
2783,31959.0,3240.0,521
2784,31860.0,3264.0,521
2785,33930.0,3014.0,510
2786,32726.0,3189.0,501
2787,33029.0,3144.0,500
2788,32038.0,3245.0,520
2789,33236.0,3137.0,501
2790,31972.0,3244.0,517
2791,32776.0,3190.0,526
2792,33442.0,3170.0,498
2793,31575.0,3331.0,512
2794,31873.0,3311.0,514
2795,32107.0,3292.0,518
2796,33405.0,3187.0,479
2797,32101.0,3300.0,539
2798,33646.0,3130.0,515
2799,32372.0,3277.0,495
2800,32230.0,3290.0,497
2801,33462.0,3169.0,518
2802,33121.0,3199.0,515
2803,32916.0,3225.0,524
2804,32480.0,3276.0,494
2805,32168.0,3293.0,511
2806,32616.0,3256.0,511
2807,32737.0,3241.0,509
2808,33829.0,3096.0,492
2809,33667.0,3139.0,495
2810,32363.0,3271.0,515
2811,32611.0,3259.0,519
2812,33759.0,3110.0,502
2813,33485.0,2970.0,516
2814,32992.0,3046.0,508
2815,32417.0,3107.0,504
2816,31892.0,3156.0,542
2817,33379.0,2997.0,518
2818,32923.0,3054.0,506
2819,31950.0,3147.0,501
2820,31954.0,3154.0,501
2821,31582.0,3165.0,516
2822,32412.0,3103.0,519
2823,32868.0,3069.0,503
2824,33057.0,3054.0,523
2825,33438.0,2986.0,517
2826,33063.0,3038.0,508
2827,31997.0,3142.0,500
2828,33259.0,3028.0,520
2829,31941.0,3145.0,510
2830,32623.0,3088.0,530
2831,32739.0,3081.0,498
2832,32370.0,3122.0,498
2833,32003.0,3144.0,512
2834,31955.0,3140.0,511
2835,32428.0,3110.0,519
2836,31823.0,3162.0,503
2837,33057.0,3048.0,523
2838,32860.0,3064.0,520
2839,32880.0,3277.0,493
2840,32571.0,3309.0,493
2841,33055.0,3323.0,504
2842,32370.0,3319.0,515
2843,33222.0,3239.0,502
2844,33269.0,3233.0,521
2845,31997.0,3346.0,501
2846,32058.0,3333.0,500
2847,33407.0,3209.0,519
2848,33249.0,3228.0,521
2849,31793.0,3075.0,503
2850,31717.0,3057.0,544
2851,32888.0,2973.0,485
2852,32200.0,3032.0,505
2853,31677.0,3083.0,527
2854,32459.0,3018.0,526
2855,32575.0,2995.0,521
2856,32337.0,3034.0,494
2857,31954.0,3065.0,500
2858,31728.0,3063.0,535
2859,32951.0,2953.0,499
2860,31254.0,3099.0,523
2861,31425.0,3062.0,512
2862,32302.0,2987.0,534
2863,32937.0,2923.0,503
2864,31650.0,3040.0,525
2865,34069.0,2563.0,505
2866,32937.0,2923.0,507
2867,32312.0,2989.0,511
2868,31306.0,3062.0,525
2869,31539.0,3056.0,524
2870,33123.0,2898.0,507
2871,32936.0,2923.0,505
2872,30612.0,3094.0,529
2873,32723.0,2948.0,507
2874,32311.0,2998.0,514
2875,31773.0,3042.0,523
2876,31840.0,3025.0,522
2877,31965.0,3020.0,504
2878,32173.0,3007.0,533
2879,33057.0,2917.0,517
2880,31643.0,3032.0,515
2881,34175.0,2483.0,503
2882,31827.0,3033.0,542
2883,33363.0,2857.0,517
2884,32921.0,2923.0,508
2885,30502.0,3086.0,525
2886,31826.0,3027.0,522
2887,33057.0,2921.0,482
2888,31882.0,3017.0,541
2889,32859.0,2934.0,525
2890,32981.0,2924.0,507
2891,31896.0,3034.0,523
2892,34221.0,2411.0,502
2893,32839.0,2933.0,503
2894,31779.0,3041.0,527
2895,33955.0,2635.0,507
2896,32813.0,2940.0,506
2897,31656.0,3039.0,518
2898,31838.0,3029.0,522
2899,31673.0,3043.0,524
2900,32727.0,2932.0,507
2901,31519.0,3031.0,523
2902,31631.0,3034.0,524
2903,33058.0,2916.0,482
2904,31713.0,3018.0,504
2905,32907.0,2903.0,524
2906,33047.0,2914.0,499
2907,33349.0,2845.0,513
2908,32993.0,2900.0,508
2909,31719.0,2894.0,543
2910,31522.0,2898.0,526
2911,33111.0,2728.0,500
2912,31770.0,2881.0,528
2913,31527.0,2898.0,506
2914,32738.0,2797.0,526
2915,32346.0,2823.0,526
2916,32370.0,2832.0,529
2917,32732.0,2796.0,501
2918,31289.0,2913.0,522
2919,31636.0,2876.0,520
2920,31000.0,2916.0,525
2921,31283.0,2908.0,527
2922,31240.0,2911.0,513
2923,32299.0,2822.0,513
2924,31276.0,2902.0,531
2925,32431.0,2823.0,503
2926,31221.0,2909.0,511
2927,31523.0,2883.0,515
2928,32806.0,2768.0,514
2929,32435.0,2823.0,505
2930,30381.0,2949.0,529
2931,32049.0,2842.0,523
2932,31875.0,2860.0,507
2933,31684.0,2881.0,536
2934,32794.0,2764.0,525
2935,31235.0,2899.0,518
2936,33383.0,2588.0,515
2937,32486.0,2811.0,507
2938,30722.0,2923.0,522
2939,32854.0,2750.0,504
2940,31288.0,2894.0,530
2941,31655.0,2896.0,504
2942,31584.0,2884.0,545
2943,32774.0,2757.0,525
2944,31573.0,2883.0,545
2945,32673.0,2803.0,505
2946,30450.0,2943.0,525
2947,32772.0,2757.0,525
2948,31868.0,2863.0,518
2949,30829.0,2939.0,529
2950,32428.0,2814.0,531
2951,32787.0,2755.0,525
2952,31909.0,2859.0,505
2953,33174.0,2561.0,518
2954,32559.0,2698.0,512
2955,31662.0,2782.0,523
2956,32008.0,2760.0,508
2957,31310.0,2817.0,529
2958,32324.0,2733.0,509
2959,32133.0,2741.0,514
2960,31024.0,2825.0,530
2961,31262.0,2823.0,531
2962,32326.0,2731.0,527
2963,31896.0,2762.0,536
2964,32240.0,2732.0,533
2965,32635.0,2695.0,513
2966,32126.0,3002.0,519
2967,33101.0,2897.0,501
2968,33056.0,2897.0,502
2969,30841.0,3082.0,521
2970,32609.0,2965.0,489
2971,31657.0,3042.0,527
2972,32681.0,2958.0,528
2973,31959.0,3037.0,500
2974,31585.0,3050.0,526
2975,31958.0,3021.0,524
2976,32499.0,2978.0,531
2977,30452.0,3112.0,531
2978,32890.0,2944.0,525
2979,32873.0,2936.0,506
2980,31709.0,3044.0,526
2981,32999.0,2930.0,505
2982,31358.0,3064.0,510
2983,31699.0,3038.0,515
2984,31827.0,3040.0,522
2985,31421.0,3069.0,525
2986,33196.0,2891.0,520
2987,31235.0,3063.0,512
2988,31894.0,3032.0,520
2989,31347.0,3072.0,525
2990,32642.0,2853.0,509
2991,31129.0,2955.0,521
2992,31026.0,2981.0,515
2993,32365.0,2872.0,512
2994,32654.0,2851.0,528
2995,32613.0,2840.0,511
2996,31317.0,2958.0,524
2997,32013.0,2916.0,528
2998,32516.0,2864.0,516
2999,32153.0,2898.0,536
3000,32512.0,2863.0,530
3001,31535.0,2948.0,507
3002,32692.0,2843.0,527
3003,32574.0,2854.0,527
3004,32497.0,2863.0,530
3005,31205.0,2972.0,512
3006,31433.0,2951.0,521
3007,32208.0,2887.0,524
3008,31783.0,2928.0,506
3009,32764.0,2838.0,526
3010,31270.0,2963.0,512
3011,32208.0,2891.0,535
3012,32509.0,2862.0,526
3013,31315.0,2967.0,510
3014,31442.0,2954.0,520
3015,32266.0,2884.0,517
3016,32068.0,2905.0,504
3017,31719.0,2943.0,526
3018,32082.0,2909.0,517
3019,31508.0,2955.0,527
3020,31080.0,2967.0,534
3021,32133.0,2901.0,516
3022,31256.0,2969.0,511
3023,31320.0,2954.0,550
3024,32442.0,2722.0,490
3025,31552.0,2811.0,505
3026,31308.0,2826.0,523
3027,32569.0,2708.0,511
3028,32452.0,2725.0,510
3029,30184.0,2874.0,534
3030,33137.0,2603.0,519
3031,32445.0,2723.0,510
3032,31247.0,2818.0,526
3033,32027.0,2774.0,535
3034,32878.0,2665.0,513
3035,32556.0,2703.0,514
3036,31492.0,3104.0,508
3037,31087.0,3137.0,527
3038,33014.0,2977.0,514
3039,33508.0,2858.0,515
3040,32161.0,3074.0,502
3041,32104.0,3077.0,501
3042,31978.0,3094.0,500
3043,31683.0,3106.0,515
3044,32385.0,3038.0,533
3045,32769.0,3009.0,497
3046,31981.0,3094.0,501
3047,31563.0,3105.0,547
3048,32343.0,3068.0,501
3049,32033.0,3075.0,519
3050,32724.0,3037.0,508
3051,32052.0,3093.0,519
3052,31617.0,3106.0,546
3053,32846.0,3013.0,515
3054,32456.0,3062.0,532
3055,33204.0,2961.0,516
3056,31728.0,3095.0,514
3057,31424.0,3112.0,515
3058,31101.0,3149.0,525
3059,33571.0,2369.0,511
3060,32378.0,2708.0,513
3061,30070.0,2857.0,533
3062,33440.0,2428.0,513
3063,32630.0,2687.0,513
3064,31529.0,2783.0,541
3065,32321.0,2722.0,525
3066,32312.0,2729.0,532
3067,30952.0,2830.0,520
3068,32629.0,2677.0,527
3069,30037.0,2863.0,534
3070,31411.0,2803.0,529
3071,30975.0,2835.0,528
3072,32565.0,2703.0,521
3073,31941.0,2766.0,508
3074,31122.0,2825.0,531
3075,32817.0,2662.0,524
3076,32444.0,2710.0,514
3077,32015.0,2764.0,510
3078,31259.0,2825.0,534
3079,31666.0,2800.0,532
3080,31776.0,2774.0,536
3081,32204.0,2753.0,534
3082,31702.0,2790.0,502
3083,31438.0,2808.0,516
3084,32188.0,2975.0,536
3085,32546.0,2936.0,520
3086,32481.0,2956.0,503
3087,31820.0,3006.0,522
3088,31176.0,3054.0,533
3089,33172.0,2854.0,500
3090,31762.0,3006.0,523
3091,32231.0,2973.0,507
3092,31589.0,3031.0,506
3093,32422.0,2965.0,531
3094,32663.0,2922.0,488
3095,31762.0,3011.0,508
3096,31401.0,3044.0,527
3097,33163.0,2864.0,520
3098,33025.0,2873.0,515
3099,31283.0,3042.0,526
3100,31505.0,3036.0,526
3101,31239.0,3049.0,516
3102,32917.0,2895.0,524
3103,31497.0,3028.0,522
3104,31583.0,3034.0,525
3105,33094.0,2874.0,515
3106,30539.0,3070.0,524
3107,31749.0,3011.0,527
3108,32935.0,2911.0,504
3109,31691.0,3024.0,526
3110,31822.0,3011.0,525
3111,31817.0,3009.0,528
3112,31419.0,3047.0,509
3113,31397.0,3041.0,509
3114,31765.0,2998.0,523
3115,32913.0,2909.0,504
3116,31821.0,3004.0,522
3117,31511.0,3030.0,527
3118,31343.0,3047.0,530
3119,33164.0,2855.0,500
3120,31576.0,3024.0,526
3121,31348.0,3046.0,527
3122,32909.0,2890.0,510
3123,32297.0,2966.0,513
3124,31158.0,3042.0,524
3125,31280.0,3047.0,527
3126,33174.0,2849.0,520
3127,32488.0,2943.0,512
3128,31863.0,3006.0,501
3129,31698.0,3023.0,504
3130,31645.0,3019.0,525
3131,31761.0,3008.0,527
3132,32237.0,2971.0,531
3133,31756.0,3017.0,503
3134,31475.0,3030.0,542
3135,32418.0,2950.0,524
3136,32380.0,2966.0,533
3137,33035.0,2874.0,509
3138,32963.0,2882.0,511
3139,32924.0,2889.0,510
3140,30387.0,3080.0,532
3141,32054.0,2990.0,523
3142,33860.0,2569.0,508
3143,32481.0,2942.0,508
3144,31083.0,2708.0,528
3145,31603.0,2668.0,538
3146,30682.0,2740.0,519
3147,30875.0,2726.0,549
3148,32144.0,2612.0,497
3149,31216.0,2697.0,529
3150,31277.0,2707.0,536
3151,32911.0,2446.0,521
3152,32324.0,2601.0,511
3153,32404.0,2606.0,510
3154,32519.0,2571.0,520
3155,29871.0,2761.0,534
3156,31627.0,2692.0,532
3157,30581.0,2745.0,532
3158,32051.0,2644.0,534
3159,32018.0,2638.0,526
3160,31187.0,2701.0,522
3161,30424.0,2757.0,537
3162,32523.0,2578.0,528
3163,31307.0,2693.0,521
3164,30576.0,2706.0,521
3165,31541.0,2656.0,544
3166,32389.0,2556.0,530
3167,31723.0,2629.0,522
3168,30966.0,2684.0,517
3169,30455.0,2717.0,534
3170,32565.0,2521.0,527
3171,32012.0,2599.0,518
3172,30469.0,2713.0,534
3173,30915.0,2702.0,538
3174,33300.0,2243.0,514
3175,31650.0,2634.0,522
3176,30530.0,2718.0,536
3177,32783.0,2764.0,510
3178,32864.0,2766.0,511
3179,31280.0,2899.0,550
3180,32600.0,2790.0,525
3181,32619.0,2799.0,488
3182,31338.0,2909.0,535
3183,31701.0,2874.0,531
3184,32478.0,2811.0,510
3185,31175.0,2920.0,532
3186,32669.0,2775.0,507
3187,31866.0,2855.0,516
3188,30935.0,2919.0,530
3189,31292.0,2903.0,527
3190,32854.0,2746.0,518
3191,32419.0,2796.0,510
3192,31302.0,2901.0,530
3193,32370.0,2823.0,505
3194,31337.0,2894.0,528
3195,32182.0,2828.0,532
3196,32285.0,2830.0,533
3197,30389.0,2949.0,534
3198,32535.0,2788.0,529
3199,32533.0,2790.0,506
3200,31066.0,2907.0,516
3201,32033.0,2828.0,537
3202,32277.0,2813.0,533
3203,31004.0,2917.0,515
3204,31288.0,2894.0,510
3205,31392.0,2883.0,530
3206,31938.0,2849.0,506
3207,31459.0,2888.0,528
3208,31348.0,2889.0,527
3209,31876.0,2850.0,511
3210,31617.0,2870.0,510
3211,31180.0,2912.0,540
3212,32551.0,2792.0,518
3213,30821.0,2843.0,538
3214,31183.0,2813.0,532
3215,32226.0,2823.0,514
3216,32104.0,2831.0,516
3217,31004.0,2909.0,528
3218,31282.0,2903.0,529
3219,32234.0,2820.0,511
3220,31507.0,2872.0,523
3221,31334.0,2894.0,528
3222,31280.0,2899.0,528
3223,32295.0,2813.0,510
3224,31409.0,2887.0,517
3225,31761.0,2872.0,529
3226,32910.0,2749.0,508
3227,30932.0,2912.0,519
3228,31634.0,2873.0,529
3229,31341.0,2896.0,509
3230,31236.0,2908.0,529
3231,32306.0,2821.0,509
3232,31997.0,2846.0,518
3233,32179.0,2839.0,504
3234,32130.0,2849.0,501
3235,31396.0,2886.0,524
3236,31881.0,2850.0,528
3237,32281.0,2818.0,530
3238,31538.0,2888.0,506
3239,31389.0,2883.0,548
3240,32641.0,2763.0,527
3241,31932.0,2852.0,499
3242,31342.0,2897.0,510
3243,31272.0,2884.0,510
3244,32153.0,2819.0,535
3245,32059.0,2841.0,499
3246,31283.0,2898.0,510
3247,30556.0,2926.0,543
3248,31333.0,2897.0,529
3249,30952.0,2923.0,536
3250,31570.0,2874.0,524
3251,31618.0,2877.0,527
3252,32718.0,2786.0,508
3253,32003.0,2862.0,538
3254,32849.0,2761.0,524
3255,31499.0,2882.0,510
3256,30894.0,2922.0,528
3257,33449.0,2599.0,514
3258,32669.0,2785.0,508
3259,34023.0,2301.0,504
3260,30495.0,2942.0,532
3261,31157.0,2558.0,546
3262,31974.0,2470.0,496
3263,30810.0,2574.0,551
3264,31668.0,2519.0,513
3265,30700.0,2587.0,558
3266,32157.0,2443.0,533
3267,31609.0,2511.0,517
3268,30419.0,2603.0,539
3269,31564.0,2537.0,503
3270,30694.0,2575.0,548
3271,31742.0,2503.0,500
3272,30857.0,2576.0,515
3273,32033.0,2486.0,535
3274,31843.0,2490.0,520
3275,29614.0,2628.0,541
3276,30983.0,2581.0,540
3277,32628.0,2394.0,524
3278,31858.0,2494.0,521
3279,29928.0,2611.0,532
3280,32107.0,2487.0,514
3281,31694.0,2512.0,521
3282,32038.0,2478.0,515
3283,32151.0,2464.0,533
3284,32283.0,2462.0,519
3285,31801.0,2498.0,539
3286,31809.0,2507.0,539
3287,30596.0,2601.0,520
3288,30747.0,2583.0,518
3289,33277.0,2104.0,514
3290,32089.0,2482.0,511
3291,31736.0,2527.0,500
3292,30753.0,2584.0,544
3293,32090.0,2477.0,534
3294,30871.0,2574.0,518
3295,30807.0,2590.0,537
3296,32588.0,2398.0,526
3297,31731.0,2514.0,520
3298,30576.0,2592.0,535
3299,33204.0,2117.0,515
3300,32349.0,2436.0,520
3301,31675.0,2520.0,518
3302,31037.0,2564.0,525
3303,30359.0,2605.0,538
3304,32226.0,2472.0,528
3305,30920.0,2572.0,522
3306,31439.0,2542.0,545
3307,32142.0,2465.0,517
3308,32395.0,2441.0,518
3309,31383.0,2452.0,526
3310,32089.0,2491.0,514
3311,31321.0,2541.0,527
3312,30367.0,2597.0,544
3313,31499.0,2543.0,544
3314,32044.0,2487.0,535
3315,31733.0,2500.0,528
3316,31910.0,2487.0,517
3317,30752.0,2584.0,538
3318,31389.0,2545.0,535
3319,31260.0,2538.0,545
3320,31738.0,2506.0,500
3321,30651.0,2596.0,519
3322,30861.0,2573.0,518
3323,30760.0,2588.0,557
3324,32025.0,2477.0,530
3325,30690.0,2574.0,532
3326,31019.0,2561.0,532
3327,30634.0,2592.0,536
3328,32227.0,2452.0,532
3329,31968.0,2478.0,520
3330,29605.0,2624.0,542
3331,30997.0,2575.0,539
3332,33017.0,2180.0,518
3333,31856.0,2489.0,519
3334,29600.0,2627.0,543
3335,31806.0,2510.0,499
3336,30654.0,2591.0,519
3337,30753.0,2573.0,557
3338,31621.0,2517.0,522
3339,30385.0,2610.0,544
3340,32854.0,2262.0,501
3341,30407.0,2589.0,523
3342,30969.0,2569.0,536
3343,32106.0,2474.0,518
3344,32861.0,2284.0,521
3345,29503.0,2628.0,541
3346,30864.0,2579.0,536
3347,31843.0,2509.0,513
3348,30353.0,2601.0,524
3349,31150.0,2556.0,528
3350,30570.0,2593.0,534
3351,30760.0,2589.0,535
3352,32285.0,2452.0,525
3353,31144.0,2555.0,522
3354,30738.0,2585.0,535
3355,30652.0,2598.0,539
3356,30863.0,2574.0,520
3357,30986.0,2583.0,541
3358,32033.0,2495.0,517
3359,30479.0,2590.0,522
3360,31921.0,2506.0,497
3361,31107.0,2576.0,511
3362,31094.0,2571.0,511
3363,30816.0,2579.0,556
3364,31927.0,2505.0,511
3365,31280.0,2563.0,508
3366,30701.0,2593.0,524
3367,32109.0,2477.0,534
3368,32160.0,2465.0,533
3369,32146.0,2293.0,532
3370,31374.0,2388.0,525
3371,30630.0,2435.0,538
3372,32669.0,2116.0,503
3373,29518.0,2487.0,559
3374,31550.0,2376.0,542
3375,30088.0,2475.0,528
3376,30363.0,2452.0,536
3377,30516.0,2381.0,535
3378,30453.0,2389.0,540
3379,30347.0,2400.0,543
3380,31135.0,2345.0,524
3381,31059.0,2344.0,529
3382,30032.0,2413.0,545
3383,31424.0,2326.0,510
3384,30295.0,2398.0,535
3385,30806.0,2365.0,548
3386,30978.0,2358.0,512
3387,30231.0,2408.0,525
3388,31376.0,2323.0,545
3389,31491.0,2336.0,543
3390,31353.0,2352.0,545
3391,30082.0,2439.0,528
3392,30482.0,2416.0,534
3393,30969.0,2378.0,548
3394,30791.0,2394.0,515
3395,30528.0,2420.0,520
3396,30355.0,2420.0,545
3397,30651.0,2403.0,542
3398,31216.0,2369.0,548
3399,30252.0,2432.0,525
3400,30466.0,2412.0,521
3401,30428.0,2413.0,562
3402,31433.0,2360.0,517
3403,30468.0,2420.0,532
3404,30629.0,2411.0,538
3405,30255.0,2420.0,545
3406,30681.0,2403.0,537
3407,31431.0,2359.0,524
3408,30642.0,2411.0,525
3409,30530.0,2407.0,537
3410,30625.0,2401.0,536
3411,30872.0,2405.0,548
3412,29875.0,2426.0,544
3413,31648.0,2292.0,540
3414,30865.0,2366.0,524
3415,30406.0,2399.0,562
3416,31766.0,2282.0,525
3417,31708.0,2280.0,530
3418,29237.0,2441.0,547
3419,30407.0,2401.0,546
3420,31717.0,2290.0,525
3421,29804.0,2418.0,538
3422,30590.0,2384.0,543
3423,31030.0,2365.0,523
3424,31624.0,2309.0,524
3425,29805.0,2421.0,540
3426,30961.0,2356.0,533
3427,30987.0,2370.0,519
3428,30864.0,2377.0,518
3429,30472.0,2390.0,538
3430,30639.0,2383.0,544
3431,31099.0,2360.0,550
3432,29351.0,2449.0,551
3433,31609.0,2300.0,541
3434,30235.0,2402.0,532
3435,30743.0,2385.0,541
3436,30246.0,2422.0,545
3437,30162.0,2337.0,546
3438,31000.0,2291.0,531
3439,30051.0,2339.0,548
3440,31223.0,2264.0,527
3441,30772.0,2309.0,515
3442,30116.0,2345.0,532
3443,31004.0,2281.0,551
3444,31106.0,2276.0,545
3445,29994.0,2353.0,529
3446,30163.0,2345.0,546
3447,30441.0,2319.0,542
3448,30768.0,2302.0,528
3449,29894.0,2349.0,551
3450,30717.0,2305.0,544
3451,30932.0,2275.0,534
3452,30112.0,2332.0,527
3453,30220.0,2337.0,565
3454,31569.0,2219.0,532
3455,30215.0,2326.0,544
3456,31687.0,2184.0,539
3457,30884.0,2293.0,525
3458,29685.0,2362.0,547
3459,31222.0,2249.0,547
3460,30056.0,2338.0,531
3461,29227.0,2454.0,551
3462,31479.0,2327.0,533
3463,31031.0,2360.0,551
3464,31316.0,2340.0,538
3465,31431.0,2333.0,544
3466,31778.0,2289.0,525
3467,29803.0,2428.0,553
3468,31780.0,2288.0,518
3469,31073.0,2358.0,535
3470,31471.0,2328.0,511
3471,30227.0,2409.0,538
3472,31314.0,2330.0,506
3473,30451.0,2392.0,531
3474,30524.0,2396.0,560
3475,31734.0,2284.0,532
3476,30528.0,2384.0,549
3477,31249.0,2335.0,544
3478,31527.0,2313.0,514
3479,30190.0,2412.0,530
3480,31133.0,2341.0,549
3481,31232.0,2334.0,531
3482,31262.0,2347.0,518
3483,30192.0,2410.0,526
3484,31297.0,2339.0,546
3485,31469.0,2330.0,543
3486,31601.0,2318.0,532
3487,31830.0,2295.0,524
3488,30684.0,2390.0,543
3489,31477.0,2329.0,531
3490,31424.0,2340.0,525
3491,31779.0,2290.0,528
3492,31671.0,2313.0,525
3493,31549.0,2330.0,519
3494,30359.0,2418.0,540
3495,31656.0,2318.0,500
3496,30356.0,2403.0,523
3497,31333.0,2277.0,523
3498,30341.0,2364.0,547
3499,31343.0,2279.0,520
3500,30720.0,2324.0,534
3501,31069.0,2314.0,510
3502,31124.0,2308.0,522
3503,31290.0,2285.0,533
3504,30171.0,2363.0,546
3505,31112.0,2307.0,529
3506,30178.0,2369.0,546
3507,30389.0,2350.0,542
3508,30341.0,2352.0,523
3509,30839.0,2327.0,538
3510,31421.0,2283.0,544
3511,31705.0,2240.0,539
3512,29896.0,2370.0,531
3513,30397.0,2358.0,540
3514,30280.0,2360.0,541
3515,31070.0,2306.0,523
3516,30827.0,2317.0,530
3517,29959.0,2374.0,546
3518,29806.0,2384.0,549
3519,31247.0,2299.0,522
3520,31288.0,2275.0,526
3521,30169.0,2361.0,545
3522,30215.0,2363.0,545
3523,30942.0,2321.0,520
3524,30338.0,2350.0,538
3525,31172.0,2285.0,540
3526,30725.0,2327.0,516
3527,31432.0,2188.0,543
3528,31132.0,2205.0,508
3529,30044.0,2275.0,568
3530,31140.0,2202.0,538
3531,31148.0,2209.0,548
3532,31478.0,2159.0,531
3533,31248.0,2193.0,528
3534,31141.0,2199.0,548
3535,31271.0,2206.0,509
3536,30143.0,2277.0,532
3537,30599.0,2252.0,538
3538,31771.0,2104.0,517
3539,31142.0,2198.0,528
3540,30089.0,2280.0,550
3541,31089.0,2215.0,528
3542,31265.0,2194.0,526
3543,30141.0,2265.0,542
3544,30749.0,2237.0,548
3545,29767.0,2294.0,536
3546,31073.0,2203.0,509
3547,30145.0,2270.0,548
3548,30636.0,2244.0,529
3549,30077.0,2275.0,527
3550,29924.0,2293.0,551
3551,32154.0,1932.0,530
3552,30909.0,2212.0,531
3553,29855.0,2279.0,548
3554,30124.0,2274.0,548
3555,29933.0,2286.0,548
3556,30579.0,2238.0,534
3557,30632.0,2239.0,551
3558,29036.0,2319.0,555
3559,31140.0,2195.0,539
3560,30083.0,2271.0,540
3561,32158.0,1931.0,530
3562,30793.0,2235.0,524
3563,29685.0,2227.0,534
3564,29796.0,2220.0,541
3565,31420.0,2088.0,543
3566,31125.0,2139.0,528
3567,28974.0,2257.0,553
3568,30890.0,2150.0,514
3569,30160.0,2208.0,530
3570,30903.0,2148.0,536
3571,29695.0,2228.0,550
3572,30113.0,2212.0,549
3573,30767.0,2061.0,534
3574,30357.0,2089.0,541
3575,30685.0,2059.0,530
3576,29162.0,2160.0,560
3577,30357.0,2089.0,534
3578,30139.0,2100.0,541
3579,29291.0,2140.0,555
3580,29550.0,2137.0,552
3581,31043.0,2018.0,549
3582,29866.0,2115.0,540
3583,30323.0,2140.0,562
3584,31102.0,2068.0,538
3585,31553.0,1969.0,540
3586,30433.0,2128.0,535
3587,29658.0,2169.0,545
3588,29850.0,2172.0,551
3589,29833.0,2162.0,551
3590,31100.0,2056.0,548
3591,29880.0,2158.0,570
3592,30724.0,2116.0,527
3593,29802.0,2165.0,572
3594,30805.0,2091.0,553
3595,30808.0,2098.0,553
3596,29423.0,2185.0,539
3597,31899.0,1855.0,534
3598,28651.0,2201.0,557
3599,30261.0,2135.0,549
3600,31054.0,2077.0,509
3601,29611.0,2166.0,536
3602,30937.0,1777.0,531
3603,31063.0,2076.0,529
3604,29888.0,2155.0,550
3605,30102.0,2144.0,537
3606,29888.0,2162.0,570
3607,31058.0,2078.0,530
3608,29888.0,2149.0,550
3609,30158.0,2139.0,539
3610,29245.0,2181.0,552
3611,29449.0,2179.0,554
3612,30993.0,2067.0,550
3613,29818.0,2158.0,536
3614,29885.0,2159.0,570
3615,30929.0,2081.0,533
3616,29570.0,2167.0,548
3617,30001.0,2148.0,555
3618,30701.0,2106.0,515
3619,29623.0,2179.0,575
3620,31101.0,2051.0,548
3621,29316.0,2176.0,549
3622,29625.0,2171.0,552
3623,29302.0,2184.0,544
3624,30602.0,2107.0,544
3625,30368.0,2117.0,559
3626,30316.0,2139.0,522
3627,29738.0,2165.0,539
3628,29784.0,2152.0,547
3629,31205.0,2028.0,546
3630,30377.0,2126.0,533
3631,30829.0,2096.0,533
3632,29726.0,2177.0,553
3633,30272.0,2133.0,543
3634,29435.0,2189.0,556
3635,30933.0,2086.0,534
3636,29882.0,2152.0,570
3637,30728.0,2112.0,530
3638,29735.0,2174.0,555
3639,31778.0,1932.0,536
3640,30712.0,2108.0,535
3641,29367.0,2179.0,550
3642,29635.0,2180.0,553
3643,30647.0,2078.0,531
3644,30035.0,2107.0,547
3645,29867.0,2117.0,550
3646,29762.0,2127.0,551
3647,31168.0,2015.0,536
3648,29721.0,2126.0,533
3649,30863.0,2046.0,552
3650,30754.0,2067.0,514
3651,29577.0,2140.0,536
3652,29670.0,2124.0,571
3653,30652.0,2070.0,539
3654,30191.0,2106.0,530
3655,30746.0,2052.0,530
3656,29606.0,2115.0,565
3657,30417.0,2065.0,551
3658,30577.0,2059.0,557
3659,29189.0,2135.0,546
3660,30357.0,2068.0,541
3661,30403.0,2066.0,540
3662,28737.0,2154.0,572
3663,31148.0,1986.0,547
3664,30289.0,1968.0,562
3665,30340.0,1966.0,561
3666,29013.0,2041.0,547
3667,29067.0,2036.0,555
3668,30279.0,1964.0,548
3669,28970.0,2041.0,561
3670,29266.0,2033.0,560
3671,30076.0,1990.0,537
3672,29952.0,1989.0,546
3673,29009.0,2034.0,560
3674,31483.0,1739.0,540
3675,30568.0,1947.0,537
3676,29471.0,2014.0,553
3677,31325.0,1779.0,543
3678,30555.0,1950.0,538
3679,29166.0,2026.0,555
3680,30376.0,1967.0,560
3681,29951.0,1989.0,562
3682,29014.0,2045.0,546
3683,29370.0,2018.0,539
3684,29511.0,2012.0,556
3685,29378.0,2017.0,546
3686,29362.0,2025.0,558
3687,30124.0,1987.0,536
3688,29798.0,1991.0,550
3689,29559.0,2008.0,554
3690,29055.0,2038.0,558
3691,29575.0,2004.0,567
3692,29789.0,1998.0,551
3693,30493.0,1962.0,538
3694,28952.0,2032.0,547
3695,29900.0,1991.0,566
3696,30124.0,1991.0,525
3697,29480.0,2022.0,538
3698,30505.0,1952.0,558
3699,30269.0,1955.0,546
3700,28848.0,2042.0,567
3701,30275.0,1969.0,562
3702,30717.0,1910.0,554
3703,29793.0,1993.0,544
3704,29365.0,2022.0,561
3705,29278.0,2031.0,541
3706,30333.0,1960.0,561
3707,30391.0,1947.0,520
3708,29522.0,2014.0,536
3709,30617.0,1937.0,556
3710,30659.0,1833.0,515
3711,29039.0,1950.0,551
3712,29926.0,1910.0,568
3713,28991.0,1965.0,546
3714,29090.0,1950.0,584
3715,30145.0,1887.0,554
3716,29713.0,1925.0,572
3717,28998.0,1960.0,549
3718,28907.0,1957.0,559
3719,29767.0,1917.0,559
3720,29935.0,1912.0,568
3721,29604.0,1933.0,539
3722,30367.0,1877.0,540
3723,29199.0,1944.0,562
3724,29291.0,1937.0,560
3725,29549.0,1936.0,561
3726,28591.0,1979.0,566
3727,28542.0,1966.0,567
3728,29715.0,1919.0,558
3729,29815.0,1918.0,530
3730,28999.0,1960.0,546
3731,30095.0,1894.0,565
3732,30200.0,1886.0,563
3733,31269.0,1803.0,544
3734,30537.0,1951.0,540
3735,29263.0,2027.0,552
3736,29674.0,2010.0,561
3737,30392.0,1968.0,520
3738,29321.0,2034.0,540
3739,29328.0,2026.0,580
3740,30224.0,1974.0,548
3741,29782.0,2006.0,531
3742,29311.0,2035.0,580
3743,30600.0,1937.0,556
3744,29314.0,2026.0,544
3745,29746.0,2014.0,572
3746,30572.0,1959.0,537
3747,29481.0,2019.0,554
3748,31773.0,1621.0,535
3749,30610.0,1948.0,536
3750,29784.0,2013.0,557
3751,30954.0,1906.0,542
3752,30550.0,1956.0,537
3753,30273.0,1972.0,542
3754,29480.0,2021.0,557
3755,29469.0,2028.0,557
3756,30606.0,1953.0,536
3757,29415.0,2019.0,562
3758,30392.0,1966.0,536
3759,29481.0,2030.0,570
3760,30792.0,1930.0,541
3761,29207.0,2028.0,542
3762,30215.0,1978.0,563
3763,29759.0,2019.0,535
3764,29317.0,2030.0,552
3765,30231.0,1975.0,560
3766,30552.0,1720.0,556
3767,29656.0,1828.0,539
3768,28864.0,1866.0,548
3769,28977.0,1850.0,586
3770,29583.0,1826.0,542
3771,28977.0,1861.0,568
3772,28865.0,1862.0,565
3773,27764.0,1891.0,572
3774,29384.0,1836.0,565
3775,30026.0,1802.0,526
3776,28913.0,1863.0,587
3777,30072.0,1786.0,565
3778,29791.0,1807.0,545
3779,30011.0,1794.0,566
3780,28635.0,1870.0,555
3781,28870.0,1865.0,562
3782,30014.0,1783.0,552
3783,30024.0,1797.0,546
3784,28874.0,1859.0,568
3785,29912.0,1796.0,568
3786,28711.0,1861.0,557
3787,29114.0,1854.0,567
3788,30232.0,1767.0,560
3789,29009.0,1847.0,563
3790,30562.0,1702.0,556
3791,29843.0,1821.0,543
3792,28481.0,1878.0,565
3793,30128.0,1791.0,564
3794,29946.0,1804.0,545
3795,29923.0,1819.0,538
3796,28783.0,1876.0,557
3797,28879.0,1859.0,563
3798,29285.0,1849.0,570
3799,28520.0,1879.0,557
3800,28532.0,1882.0,566
3801,29968.0,1797.0,567
3802,29810.0,1812.0,570
3803,28675.0,1873.0,553
3804,29227.0,1849.0,563
3805,29335.0,1839.0,567
3806,29578.0,1820.0,554
3807,28581.0,1877.0,571
3808,30125.0,1786.0,545
3809,29025.0,1850.0,562
3810,29061.0,1850.0,565
3811,29440.0,1843.0,541
3812,29028.0,1858.0,565
3813,29265.0,1833.0,560
3814,28762.0,1866.0,570
3815,31049.0,1573.0,527
3816,30127.0,1778.0,544
3817,29073.0,1851.0,571
3818,29177.0,1855.0,542
3819,29080.0,1858.0,558
3820,29077.0,1850.0,584
3821,29801.0,1813.0,543
3822,29540.0,1835.0,575
3823,30142.0,1786.0,549
3824,29023.0,1851.0,545
3825,29382.0,1836.0,572
3826,26834.0,1250.0,607
3827,26925.0,1256.0,612
3828,28522.0,1103.0,592
3829,27591.0,1209.0,598
3830,26086.0,1269.0,619
3831,27505.0,1229.0,576
3832,26531.0,1259.0,596
3833,27315.0,1226.0,611
3834,25786.0,1275.0,625
3835,27420.0,1235.0,576
3836,26539.0,1263.0,636
3837,27421.0,1218.0,606
3838,27092.0,1240.0,592
3839,26670.0,1263.0,618
3840,28112.0,1171.0,600
3841,26740.0,1250.0,617
3842,27369.0,1219.0,593
3843,26610.0,1259.0,614
3844,26973.0,1242.0,602
3845,27221.0,1226.0,600
3846,26716.0,1253.0,612
3847,27060.0,1242.0,608
3848,27185.0,1234.0,581
3849,26976.0,1261.0,606
3850,26613.0,1253.0,614
3851,26095.0,1273.0,627
3852,26810.0,1258.0,610
3853,27408.0,1226.0,596
3854,26587.0,1261.0,615
3855,26926.0,1256.0,592
3856,27843.0,1208.0,592
3857,26707.0,1254.0,632
3858,26711.0,1259.0,632
3859,27143.0,1251.0,592
3860,26842.0,1255.0,589
3861,26827.0,1253.0,609
3862,28671.0,1068.0,589
3863,26959.0,1259.0,626
3864,27983.0,1207.0,589
3865,26738.0,1252.0,605
3866,28783.0,1054.0,587
3867,28068.0,1200.0,584
3868,26626.0,1267.0,609
3869,27835.0,1202.0,607
3870,26325.0,1272.0,620
3871,28156.0,1194.0,584
3872,27975.0,1210.0,604
3873,28824.0,1570.0,569
3874,27026.0,1640.0,596
3875,28970.0,1572.0,555
3876,27767.0,1627.0,577
3877,29166.0,1547.0,565
3878,27116.0,1639.0,594
3879,28821.0,1582.0,548
3880,28483.0,1601.0,590
3881,28994.0,1125.0,583
3882,28174.0,1273.0,584
3883,28223.0,1273.0,579
3884,26382.0,1338.0,620
3885,27833.0,1287.0,587
3886,26981.0,1329.0,606
3887,26267.0,1349.0,623
3888,27019.0,1322.0,599
3889,27379.0,1308.0,597
3890,26851.0,1333.0,589
3891,26221.0,1076.0,633
3892,27634.0,930.0,610
3893,26383.0,1061.0,616
3894,25867.0,1085.0,636
3895,25227.0,1101.0,639
3896,25332.0,1088.0,651
3897,26596.0,1056.0,594
3898,26054.0,1078.0,610
3899,26856.0,1046.0,628
3900,26995.0,1029.0,585
3901,26138.0,1069.0,645
3902,25147.0,1105.0,630
3903,25646.0,1089.0,629
3904,25544.0,1085.0,644
3905,25340.0,1091.0,633
3906,25853.0,1083.0,634
3907,25290.0,1095.0,636
3908,26892.0,1036.0,627
3909,25756.0,1082.0,624
3910,27547.0,964.0,612
3911,26809.0,1051.0,608
3912,25221.0,1089.0,633
3913,26376.0,1063.0,621
3914,25257.0,1098.0,642
3915,26721.0,1051.0,611
3916,25850.0,1085.0,632
3917,25808.0,1084.0,633
3918,25693.0,1084.0,634
3919,26063.0,1075.0,628
3920,26111.0,1086.0,606
3921,25779.0,1090.0,628
3922,26344.0,1060.0,620
3923,25383.0,1094.0,636
3924,25926.0,1087.0,633
3925,27554.0,962.0,612
3926,26096.0,1074.0,626
3927,26186.0,1505.0,645
3928,27013.0,1500.0,586
3929,27502.0,1488.0,592
3930,27872.0,1464.0,582
3931,28193.0,1449.0,582
3932,27397.0,1486.0,612
3933,28207.0,1456.0,572
3934,27007.0,1494.0,593
3935,28338.0,1443.0,585
3936,28545.0,1436.0,593
3937,27206.0,1497.0,585
3938,28630.0,1424.0,582
3939,28214.0,1454.0,573
3940,28496.0,1419.0,594
3941,26750.0,1491.0,603
3942,26919.0,1474.0,605
3943,28195.0,1433.0,580
3944,28053.0,1439.0,583
3945,27547.0,1462.0,594
3946,27454.0,1459.0,576
3947,28142.0,1436.0,587
3948,28098.0,1442.0,602
3949,28407.0,1174.0,595
3950,27330.0,1250.0,604
3951,26545.0,1284.0,623
3952,26098.0,1296.0,610
3953,28178.0,1213.0,581
3954,27204.0,1258.0,607
3955,27740.0,1234.0,589
3956,26052.0,1297.0,622
3957,27829.0,1232.0,589
3958,26845.0,1273.0,605
3959,27470.0,1255.0,610
3960,26490.0,1291.0,601
3961,26532.0,1287.0,596
3962,26871.0,1187.0,614
3963,26496.0,1207.0,597
3964,26360.0,1218.0,617
3965,26876.0,1197.0,601
3966,26612.0,1198.0,620
3967,26204.0,1213.0,623
3968,27036.0,1193.0,620
3969,25872.0,1223.0,620
3970,27228.0,1176.0,594
3971,26890.0,1195.0,602
3972,26595.0,1309.0,615
3973,26935.0,1297.0,607
3974,26629.0,1300.0,614
3975,27821.0,1244.0,567
3976,27023.0,1288.0,585
3977,27932.0,1245.0,605
3978,27799.0,1257.0,583
3979,27104.0,1276.0,611
3980,25927.0,1312.0,623
3981,27334.0,1280.0,578
3982,27063.0,1288.0,606
3983,27291.0,1275.0,608
3984,26848.0,1294.0,592
3985,26745.0,1298.0,608
3986,27788.0,1249.0,591
3987,27014.0,1279.0,602
3988,28254.0,1206.0,598
3989,27603.0,1263.0,585
3990,28355.0,1197.0,596
3991,27610.0,1253.0,592
3992,25961.0,1316.0,623
3993,27802.0,1255.0,583
3994,26210.0,1310.0,613
3995,27743.0,1251.0,579
3996,27237.0,1279.0,589
3997,26836.0,1293.0,607
3998,28063.0,1228.0,602
3999,27105.0,1275.0,607
